term_italian,is_base,base_word_italian,translation_english,topics,gender,plurality,article_type,article_italian,added_particle_italian,preposition,notes,example_sentence_italian,example_sentence_english
caffè,true,caffè,coffee,"drinks,food",masculine,singular,none,n/a,n/a,n/a,base lemma,"Bevo caffè ogni mattina.","I drink coffee every morning."
un caffè,false,caffè,a coffee,"drinks,food",masculine,singular,indefinite,un,un,n/a,,"Vorrei un caffè, per favore.","I'd like a coffee, please."
il caffè,false,caffè,the coffee,"drinks,food",masculine,singular,definite,il,il,n/a,,"Il caffè è caldo.","The coffee is hot."
caffè,false,caffè,coffees,"drinks,food",masculine,plural,none,n/a,n/a,n/a,plural form,"I caffè italiani sono diversi.","Italian coffees are different."
i caffè,false,caffè,the coffees,"drinks,food",masculine,plural,definite,i,i,n/a,,"I caffè serviti qui sono buoni.","The coffees served here are good."
dei caffè,false,caffè,some coffees,"drinks,food",masculine,plural,articulated_preposition,dei,dei,di,,"Ho assaggiato dei caffè speciali.","I tasted some special coffees."
del caffè,false,caffè,of the coffee,"drinks,food",masculine,singular,articulated_preposition,del,del,di,,"Il profumo del caffè è intenso.","The smell of the coffee is strong."
al caffè,false,caffè,to the coffee/place called 'caffè',"drinks,food",masculine,singular,articulated_preposition,al,al,a,,"Andiamo al caffè sotto casa.","Let's go to the café downstairs."
ai caffè,false,caffè,to the coffees/at the cafés,"drinks,food",masculine,plural,articulated_preposition,ai,ai,a,,"Parlo spesso ai caffè del centro.","I often speak at the city cafés."
dal caffè,false,caffè,from the coffee/from the café,"drinks,food",masculine,singular,articulated_preposition,dal,dal,da,,"Vengo dal caffè adesso.","I come from the café now."
dai caffè,false,caffè,from the coffees/from the cafés,"drinks,food",masculine,plural,articulated_preposition,dai,dai,da,,"Sono appena tornato dai caffè.","I just returned from the cafés."
nel caffè,false,caffè,in the coffee/in the café,"drinks,food",masculine,singular,articulated_preposition,nel,nel,in,,"Ho messo lo zucchero nel caffè.","I put sugar in the coffee."
nei caffè,false,caffè,in the coffees/in the cafés,"drinks,food",masculine,plural,articulated_preposition,nei,nei,in,,"Ci incontriamo nei caffè della piazza.","We meet in the cafés in the square."
sul caffè,false,caffè,on the coffee/on the café,"drinks,food",masculine,singular,articulated_preposition,sul,sul,su,,"C'è della schiuma sul caffè.","There is foam on the coffee."
sui caffè,false,caffè,on the coffees/on the cafés,"drinks,food",masculine,plural,articulated_preposition,sui,sui,su,,"Ho letto articoli sui caffè italiani.","I read articles about Italian cafés."
col caffè,false,caffè,with the coffee,"drinks,food",masculine,singular,articulated_preposition,col,col,con,common contraction,"Esco col caffè in mano.","I go out with the coffee in my hand."
coi caffè,false,caffè,with the coffees/with the cafés,"drinks,food",masculine,plural,articulated_preposition,coi,coi,con,common contraction,"Parlo coi caffè frequentati dai turisti.","I talk with the cafés frequented by tourists."
acqua,true,acqua,water,"drinks,food",feminine,singular,none,n/a,n/a,n/a,base lemma,"Bevo acqua ogni ora.","I drink water every hour."
un'acqua,false,acqua,a (bottle of) water,"drinks,food",feminine,singular,indefinite,un',un',n/a,elision,used when specifying one bottle/type,"Vorrei un'acqua frizzante.","I'd like a sparkling water."
l'acqua,false,acqua,the water,"drinks,food",feminine,singular,definite,l',l',n/a,elision,"L'acqua è fredda.","The water is cold."
acque,false,acqua,waters (rare/plural),"drinks,food",feminine,plural,none,n/a,n/a,n/a,plural form (rare),"Le acque del lago sono limpide.","The lake waters are clear."
le acque,false,acqua,the waters,"drinks,food",feminine,plural,definite,le,le,n/a,,"Le acque termali sono calde.","The thermal waters are warm."
delle acque,false,acqua,some waters,"drinks,food",feminine,plural,articulated_preposition,delle,delle,di,,"Abbiamo raccolto delle acque per l'analisi.","We collected some waters for analysis."
dell'acqua,false,acqua,of the water,"drinks,food",feminine,singular,articulated_preposition,dell',dell',di,,"Il sapore dell'acqua è neutro.","The taste of the water is neutral."
all'acqua,false,acqua,to the water,"drinks,food",feminine,singular,articulated_preposition,all',all',a,,"Porta la bottiglia all'acquaio.","Put the bottle to the sink (to the water source)."
alle acque,false,acqua,to the waters,"drinks,food",feminine,plural,articulated_preposition,alle,alle,a,,"Andiamo alle acque termali.","Let's go to the thermal waters."
dall'acqua,false,acqua,from the water,"drinks,food",feminine,singular,articulated_preposition,dall',dall',da,,"La barca è uscita dall'acqua.","The boat came out of the water."
dalle acque,false,acqua,from the waters,"drinks,food",feminine,plural,articulated_preposition,dalle,dalle,da,,"Le informazioni vengono dalle acque sotterranee.","The information comes from underground waters."
nell'acqua,false,acqua,in the water,"drinks,food",feminine,singular,articulated_preposition,nell',nell',in,,"La bottiglia è caduta nell'acqua.","The bottle fell into the water."
nelle acque,false,acqua,in the waters,"drinks,food",feminine,plural,articulated_preposition,nelle,nelle,in,,"Si trovano pesci nelle acque limpide.","There are fish in the clear waters."
sull'acqua,false,acqua,on the water,"drinks,food",feminine,singular,articulated_preposition,sull',sull',su,,"La barca galleggia sull'acqua.","The boat floats on the water."
sulle acque,false,acqua,on the waters,"drinks,food",feminine,plural,articulated_preposition,sulle,sulle,su,,"Ci sono luci sulle acque del porto.","There are lights on the harbor waters."
con l'acqua,false,acqua,with the water,"drinks,food",feminine,singular,articulated_preposition,con l',con l',con,not contracted,used instead of 'col' for feminine vowels,"Mescola con l'acqua fino a ottenere una pasta.","Mix with water until you get a paste."
con le acque,false,acqua,with the waters,"drinks,food",feminine,plural,articulated_preposition,con le,con le,con,not contracted,,"Hanno studiato con le acque locali.","They studied with the local waters."
vino,true,vino,wine,"drinks,food",masculine,singular,none,n/a,n/a,n/a,base lemma,"Apro una bottiglia di vino.","I open a bottle of wine."
un vino,false,vino,a wine,"drinks,food",masculine,singular,indefinite,un,un,n/a,,"Questo è un vino molto buono.","This is a very good wine."
il vino,false,vino,the wine,"drinks,food",masculine,singular,definite,il,il,n/a,,"Il vino è dorato.","The wine is golden."
vini,false,vino,wines,"drinks,food",masculine,plural,none,n/a,n/a,n/a,plural form,"I vini italiani sono rinomati.","Italian wines are renowned."
i vini,false,vino,the wines,"drinks,food",masculine,plural,definite,i,i,n/a,,"I vini della regione sono ottimi.","The region's wines are excellent."
dei vini,false,vino,some wines,"drinks,food",masculine,plural,articulated_preposition,dei,dei,di,,"Abbiamo assaggiato dei vini locali.","We tasted some local wines."
del vino,false,vino,of the wine,"drinks,food",masculine,singular,articulated_preposition,del,del,di,,"Il colore del vino è intenso.","The color of the wine is intense."
al vino,false,vino,to the wine/for the wine,"drinks,food",masculine,singular,articulated_preposition,al,al,a,,"Questo bicchiere è al vino rosso.","This glass is for red wine."
ai vini,false,vino,to the wines,"drinks,food",masculine,plural,articulated_preposition,ai,ai,a,,"Parliamo ai vini della cantina.","We talk about the cellar's wines."
dal vino,false,vino,from the wine,"drinks,food",masculine,singular,articulated_preposition,dal,dal,da,,"Quel profumo viene dal vino.","That scent comes from the wine."
dai vini,false,vino,from the wines,"drinks,food",masculine,plural,articulated_preposition,dai,dai,da,,"I sentori dai vini erano vari.","The aromas from the wines were varied."
nel vino,false,vino,in the wine,"drinks,food",masculine,singular,articulated_preposition,nel,nel,in,,"C'è un aroma nel vino.","There is an aroma in the wine."
nei vini,false,vino,in the wines,"drinks,food",masculine,plural,articulated_preposition,nei,nei,in,,"Ho trovato tannini nei vini rossi.","I found tannins in the red wines."
sul vino,false,vino,on the wine,"drinks,food",masculine,singular,articulated_preposition,sul,sul,su,,"C'è una nota sul vino nella recensione.","There is a note on the wine in the review."
sui vini,false,vino,on the wines,"drinks,food",masculine,plural,articulated_preposition,sui,sui,su,,"Ho letto articoli sui vini biologici.","I read articles about organic wines."
col vino,false,vino,with the wine,"drinks,food",masculine,singular,articulated_preposition,col,col,con,common contraction,"Ceniamo col vino della casa.","We dine with the house wine."
coi vini,false,vino,with the wines,"drinks,food",masculine,plural,articulated_preposition,coi,coi,con,common contraction,"Abbino i formaggi coi vini locali.","I pair cheeses with the local wines."
pane,true,pane,bread,"food",masculine,singular,none,n/a,n/a,n/a,base lemma,"Compro pane fresco ogni giorno.","I buy fresh bread every day."
un pane,false,pane,a loaf of bread,"food",masculine,singular,indefinite,un,un,n/a,,"Prendi un pane per favore.","Take a loaf of bread please."
il pane,false,pane,the bread,"food",masculine,singular,definite,il,il,n/a,,"Il pane è dorato.","The bread is golden."
 pani,false,pane,breads,food,masculine,plural,none,n/a,n/a,n/a,plural form,"I pani sono in forno.","The breads are in the oven."
i pani,false,pane,the breads,"food",masculine,plural,definite,i,i,n/a,,"I pani artigianali sono costosi.","The artisanal breads are expensive."
dei pani,false,pane,some breads,"food",masculine,plural,articulated_preposition,dei,dei,di,,"Abbiamo comprato dei pani diversi.","We bought some different breads."
del pane,false,pane,of the bread,"food",masculine,singular,articulated_preposition,del,del,di,,"La crosta del pane è croccante.","The bread crust is crunchy."
al pane,false,pane,to the bread/for the bread,"food",masculine,singular,articulated_preposition,al,al,a,,"Aggiungi sale al pane.","Add salt to the bread."
ai pani,false,pane,to the breads,"food",masculine,plural,articulated_preposition,ai,ai,a,,"Diamo i dolci ai pani speciali.","We give the desserts to the special breads." 
dal pane,false,pane,from the bread,"food",masculine,singular,articulated_preposition,dal,dal,da,,"Togli la mollica dal pane.","Remove the crumb from the bread."
dai pani,false,pane,from the breads,"food",masculine,plural,articulated_preposition,dai,dai,da,,"Ho sentito odori dai pani appena sfornati.","I smelled aromas from the freshly baked breads."
nel pane,false,pane,in the bread,"food",masculine,singular,articulated_preposition,nel,nel,in,,"C'è burro nel pane.","There is butter in the bread."
nei pani,false,pane,in the breads,"food",masculine,plural,articulated_preposition,nei,nei,in,,"Ho trovato semi nei pani integrali.","I found seeds in the wholegrain breads."
sul pane,false,pane,on the bread,"food",masculine,singular,articulated_preposition,sul,sul,su,,"Metti la marmellata sul pane.","Put jam on the bread."
sui pani,false,pane,on the breads,"food",masculine,plural,articulated_preposition,sui,sui,su,,"Ci sono semi sui pani da cereali.","There are seeds on the cereal breads."
col pane,false,pane,with the bread,"food",masculine,singular,articulated_preposition,col,col,con,common contraction,"Mangio il formaggio col pane.","I eat cheese with the bread."
coi pani,false,pane,with the breads,"food",masculine,plural,articulated_preposition,coi,coi,con,common contraction,"Servono i piatti coi pani vari.","They serve dishes with various breads."
pizza,true,pizza,pizza,"food",feminine,singular,none,n/a,n/a,n/a,base lemma,"Ordino una pizza per cena.","I order a pizza for dinner."
una pizza,false,pizza,a pizza,"food",feminine,singular,indefinite,una,una,n/a,,"Prendo una pizza margherita.","I'll take a margherita pizza."
la pizza,false,pizza,the pizza,"food",feminine,singular,definite,la,la,n/a,,"La pizza è calda.","The pizza is hot."
pizze,false,pizza,pizzas,"food",feminine,plural,none,n/a,n/a,n/a,plural form,"Le pizze sono sul tavolo.","The pizzas are on the table."
le pizze,false,pizza,the pizzas,"food",feminine,plural,definite,le,le,n/a,,"Le pizze sono pronte.","The pizzas are ready."
delle pizze,false,pizza,some pizzas,"food",feminine,plural,articulated_preposition,delle,delle,di,,"Abbiamo ordinate delle pizze diverse.","We ordered some different pizzas."
della pizza,false,pizza,of the pizza,"food",feminine,singular,articulated_preposition,della,della,di,,"Il bordo della pizza è croccante.","The crust of the pizza is crispy."
alla pizza,false,pizza,to the pizza/at the pizza place,"food",feminine,singular,articulated_preposition,alla,alla,a,,"Andiamo alla pizza d'asporto.","Let's go to the pizza takeaway."
alle pizze,false,pizza,to the pizzas,"food",feminine,plural,articulated_preposition,alle,alle,a,,"Serviamo condimenti alle pizze.","We serve toppings to the pizzas."
dalla pizza,false,pizza,from the pizza,"food",feminine,singular,articulated_preposition,dalla,dalla,da,,"Ho preso una fetta dalla pizza.","I took a slice from the pizza."
dalle pizze,false,pizza,from the pizzas,"food",feminine,plural,articulated_preposition,dalle,dalle,da,,"Ho assaggiato dalle pizze sul bancone.","I tasted from the pizzas on the counter."
nella pizza,false,pizza,in the pizza,"food",feminine,singular,articulated_preposition,nella,nella,in,,"C'è mozzarella nella pizza.","There is mozzarella in the pizza."
nelle pizze,false,pizza,in the pizzas,"food",feminine,plural,articulated_preposition,nelle,nelle,in,,"Troviamo ingredienti nelle pizze speciali.","We find ingredients in the special pizzas."
sulla pizza,false,pizza,on the pizza,"food",feminine,singular,articulated_preposition,sulla,sulla,su,,"Metti basilico sulla pizza.","Put basil on the pizza."
sulle pizze,false,pizza,on the pizzas,"food",feminine,plural,articulated_preposition,sulle,sulle,su,,"Ci sono olive sulle pizze.","There are olives on the pizzas."
con la pizza,false,pizza,with the pizza,"food",feminine,singular,articulated_preposition,con la,con la,con,not contracted,,"Mangio insalata con la pizza.","I eat salad with the pizza."
con le pizze,false,pizza,with the pizzas,"food",feminine,plural,articulated_preposition,con le,con le,con,not contracted,,"Servono vino con le pizze.","They serve wine with the pizzas."
pasta,true,pasta,pasta/noodles,"food",feminine,singular,none,n/a,n/a,n/a,base lemma,"Preparo la pasta per pranzo.","I make pasta for lunch."
una pasta,false,pasta,a pasta/dish of pasta,"food",feminine,singular,indefinite,una,una,n/a,,"Ordino una pasta al pomodoro.","I order a pasta with tomato sauce."
la pasta,false,pasta,the pasta,"food",feminine,singular,definite,la,la,n/a,,"La pasta è al dente.","The pasta is al dente."
paste,false,pasta,pastas/types of pasta,"food",feminine,plural,none,n/a,n/a,n/a,plural form (types or pastries depending on context),"Le paste tipiche sono diverse.","The typical pastas are different."
le paste,false,pasta,the pastas,"food",feminine,plural,definite,le,le,n/a,,"Le paste artigianali sono buone.","The artisanal pastas are good."
delle paste,false,pasta,some pastas,"food",feminine,plural,articulated_preposition,delle,delle,di,,"Ho assaggiato delle paste regionali.","I tasted some regional pastas."
della pasta,false,pasta,of the pasta,"food",feminine,singular,articulated_preposition,della,della,di,,"Il sapore della pasta è delicato.","The taste of the pasta is delicate."
alla pasta,false,pasta,to the pasta/for the pasta,"food",feminine,singular,articulated_preposition,alla,alla,a,,"Aggiungi salsa alla pasta.","Add sauce to the pasta."
alle paste,false,pasta,to the pastas,"food",feminine,plural,articulated_preposition,alle,alle,a,,"Ho parlato alle paste della ricetta.","I talked to the pastas about the recipe (figurative)."
dalla pasta,false,pasta,from the pasta,"food",feminine,singular,articulated_preposition,dalla,dalla,da,,"Ho tolto la salsa dalla pasta.","I removed the sauce from the pasta."
dalle paste,false,pasta,from the pastas,"food",feminine,plural,articulated_preposition,dalle,dalle,da,,"Ho tratto ispirazione dalle paste regionali.","I drew inspiration from regional pastas."
nella pasta,false,pasta,in the pasta,"food",feminine,singular,articulated_preposition,nella,nella,in,,"C'è pepe nella pasta.","There is pepper in the pasta."
nelle paste,false,pasta,in the pastas,"food",feminine,plural,articulated_preposition,nelle,nelle,in,,"Si trovano sapori nelle paste fatte in casa.","There are flavors in homemade pastas.")
sulla pasta,false,pasta,on the pasta,"food",feminine,singular,articulated_preposition,sulla,sulla,su,,"Metti il formaggio sulla pasta.","Put cheese on the pasta."
sulle paste,false,pasta,on the pastas,"food",feminine,plural,articulated_preposition,sulle,sulle,su,,"Ci sono erbe sulle paste.","There are herbs on the pastas."
con la pasta,false,pasta,with the pasta,"food",feminine,singular,articulated_preposition,con la,con la,con,not contracted,,"Serviamo salsa con la pasta.","We serve sauce with the pasta."
con le paste,false,pasta,with the pastas,"food",feminine,plural,articulated_preposition,con le,con le,con,not contracted,,"Abbiniamo vini con le paste.","We pair wines with the pastas."
ristorante,true,ristorante,restaurant,"places,food",masculine,singular,none,n/a,n/a,n/a,base lemma,"Prenoto un tavolo al ristorante.","I book a table at the restaurant."
un ristorante,false,ristorante,a restaurant,"places,food",masculine,singular,indefinite,un,un,n/a,,"Conosco un ristorante buonissimo.","I know a very good restaurant."
il ristorante,false,ristorante,the restaurant,"places,food",masculine,singular,definite,il,il,n/a,,"Il ristorante apre alle sette.","The restaurant opens at seven."
ristoranti,false,ristorante,restaurants,"places,food",masculine,plural,none,n/a,n/a,n/a,plural form,"I ristoranti della zona sono aperti.","The restaurants in the area are open."
i ristoranti,false,ristorante,the restaurants,"places,food",masculine,plural,definite,i,i,n/a,,"I ristoranti hanno menu diversi.","The restaurants have different menus."
dei ristoranti,false,ristorante,some restaurants,"places,food",masculine,plural,articulated_preposition,dei,dei,di,,"Ho visitato dei ristoranti nuovi.","I visited some new restaurants."
del ristorante,false,ristorante,of the restaurant,"places,food",masculine,singular,articulated_preposition,del,del,di,,"Il menu del ristorante è vario.","The restaurant's menu is varied."
al ristorante,false,ristorante,to the restaurant,"places,food",masculine,singular,articulated_preposition,al,al,a,,"Andiamo al ristorante stasera.","Let's go to the restaurant tonight."
ai ristoranti,false,ristorante,to the restaurants,"places,food",masculine,plural,articulated_preposition,ai,ai,a,,"Ho dato consigli ai ristoranti locali.","I gave advice to the local restaurants."
dal ristorante,false,ristorante,from the restaurant,"places,food",masculine,singular,articulated_preposition,dal,dal,da,,"Sono tornato dal ristorante.","I returned from the restaurant."
dai ristoranti,false,ristorante,from the restaurants,"places,food",masculine,plural,articulated_preposition,dai,dai,da,,"Ho ricevuto ordini dai ristoranti vicini.","I received orders from nearby restaurants."
nel ristorante,false,ristorante,in the restaurant,"places,food",masculine,singular,articulated_preposition,nel,nel,in,,"Ceniamo nel ristorante elegante.","We dine in the elegant restaurant."
nei ristoranti,false,ristorante,in the restaurants,"places,food",masculine,plural,articulated_preposition,nei,nei,in,,"Ho lavorato nei ristoranti della città.","I worked in the city's restaurants."
sul ristorante,false,ristorante,on the restaurant,"places,food",masculine,singular,articulated_preposition,sul,sul,su,,"C'è una recensione sul ristorante.","There is a review about the restaurant."
sui ristoranti,false,ristorante,on the restaurants,"places,food",masculine,plural,articulated_preposition,sui,sui,su,,"Ho letto articoli sui ristoranti emergenti.","I read articles about emerging restaurants."
col ristorante,false,ristorante,with the restaurant (figurative),"places,food",masculine,singular,articulated_preposition,col,col,con,common contraction,"Collaboriamo col ristorante per l'evento.","We collaborate with the restaurant for the event."
coi ristoranti,false,ristorante,with the restaurants,"places,food",masculine,plural,articulated_preposition,coi,coi,con,common contraction,"Ho parlato coi ristoranti per le forniture.","I spoke with the restaurants about supplies."
bar,true,bar,bar/café,"places,food",masculine,singular,none,n/a,n/a,n/a,base lemma,"Il bar apre presto.","The bar opens early."
un bar,false,bar,a bar,"places,food",masculine,singular,indefinite,un,un,n/a,,"C'è un bar vicino alla stazione.","There's a bar near the station."
il bar,false,bar,the bar,"places,food",masculine,singular,definite,il,il,n/a,,"Il bar è affollato.","The bar is crowded."
bar (pl),false,bar,bars (invariable plural common), "places,food",masculine,plural,none,n/a,n/a,n/a,invariable plural common,"I bar del centro sono aperti.","The bars in the center are open."
i bar,false,bar,the bars,"places,food",masculine,plural,definite,i,i,n/a,,"I bar offrono colazioni velocemente.","The bars offer quick breakfasts."
dei bar,false,bar,some bars,"places,food",masculine,plural,articulated_preposition,dei,dei,di,,"Ho visitato dei bar locali.","I visited some local bars."
del bar,false,bar,of the bar,"places,food",masculine,singular,articulated_preposition,del,del,di,,"Il menu del bar è semplice.","The bar's menu is simple."
al bar,false,bar,to the bar,"places,food",masculine,singular,articulated_preposition,al,al,a,,"Ci vediamo al bar alle nove.","See you at the bar at nine."
ai bar,false,bar,to the bars,"places,food",masculine,plural,articulated_preposition,ai,ai,a,,"Vado ai bar per comprare un caffè.","I go to the bars to buy a coffee."
dal bar,false,bar,from the bar,"places,food",masculine,singular,articulated_preposition,dal,dal,da,,"Torno dal bar con il cornetto.","I return from the bar with the croissant."
dai bar,false,bar,from the bars,"places,food",masculine,plural,articulated_preposition,dai,dai,da,,"Ho preso idee dai bar della città.","I took ideas from the city's bars."
nel bar,false,bar,in the bar,"places,food",masculine,singular,articulated_preposition,nel,nel,in,,"Ci sediamo nel bar tranquillo.","We sit in the quiet bar."
nei bar,false,bar,in the bars,"places,food",masculine,plural,articulated_preposition,nei,nei,in,,"Ho incontrato amici nei bar.","I met friends in the bars."
sul bar,false,bar,on the bar,"places,food",masculine,singular,articulated_preposition,sul,sul,su,,"C'è un manifesto sul bar.","There is a poster on the bar."
sui bar,false,bar,on the bars,"places,food",masculine,plural,articulated_preposition,sui,sui,su,,"Ho letto commenti sui bar del quartiere.","I read comments about the neighborhood bars."
col bar,false,bar,with the bar (figurative),"places,food",masculine,singular,articulated_preposition,col,col,con,common contraction,"Collaboriamo col bar per l'evento.","We collaborate with the bar for the event."
coi bar,false,bar,with the bars,"places,food",masculine,plural,articulated_preposition,coi,coi,con,common contraction,"Distribuiamo volantini coi bar locali.","We distribute flyers with the local bars."
tavolo,true,tavolo,table,"furniture,home",masculine,singular,none,n/a,n/a,n/a,base lemma,"Pulisco il tavolo dopo cena.","I clean the table after dinner."
un tavolo,false,tavolo,a table,"furniture,home",masculine,singular,indefinite,un,un,n/a,,"Ho comprato un tavolo nuovo.","I bought a new table."
il tavolo,false,tavolo,the table,"furniture,home",masculine,singular,definite,il,il,n/a,,"Il tavolo è di legno.","The table is made of wood."
tavoli,false,tavolo,tables,"furniture,home",masculine,plural,none,n/a,n/a,n/a,plural form,"I tavoli sono occupati.","The tables are occupied."
i tavoli,false,tavolo,the tables,"furniture,home",masculine,plural,definite,i,i,n/a,,"I tavoli sono rotondi.","The tables are round."
dei tavoli,false,tavolo,some tables,"furniture,home",masculine,plural,articulated_preposition,dei,dei,di,,"Ci servono dei tavoli più grandi.","They serve us some bigger tables."
del tavolo,false,tavolo,of the table,"furniture,home",masculine,singular,articulated_preposition,del,del,di,,"La superficie del tavolo è liscia.","The table's surface is smooth."
al tavolo,false,tavolo,to the table/at the table,"furniture,home",masculine,singular,articulated_preposition,al,al,a,,"Siediti al tavolo.","Sit at the table."
ai tavoli,false,tavolo,to the tables,"furniture,home",masculine,plural,articulated_preposition,ai,ai,a,,"Porta piatti ai tavoli.","Bring plates to the tables."
dal tavolo,false,tavolo,from the table,"furniture,home",masculine,singular,articulated_preposition,dal,dal,da,,"Togli le briciole dal tavolo.","Remove the crumbs from the table."
dai tavoli,false,tavolo,from the tables,"furniture,home",masculine,plural,articulated_preposition,dai,dai,da,,"Ho raccolto i piatti dai tavoli.","I collected the plates from the tables."
nel tavolo,false,tavolo,in the table,"furniture,home",masculine,singular,articulated_preposition,nel,nel,in,,"C'è un cassetto nel tavolo.","There is a drawer in the table."
nei tavoli,false,tavolo,in the tables,"furniture,home",masculine,plural,articulated_preposition,nei,nei,in,,"Trovi spilli nei tavoli da lavoro.","You find pins in the work tables."
sul tavolo,false,tavolo,on the table,"furniture,home",masculine,singular,articulated_preposition,sul,sul,su,,"Metti il libro sul tavolo.","Put the book on the table."
sui tavoli,false,tavolo,on the tables,"furniture,home",masculine,plural,articulated_preposition,sui,sui,su,,"Ci sono tovaglie sui tavoli.","There are tablecloths on the tables."
col tavolo,false,tavolo,with the table (figurative),"furniture,home",masculine,singular,articulated_preposition,col,col,con,common contraction,"Fissiamo il paralume col tavolo coordinato.","We match the lampshade with the coordinated table."
coi tavoli,false,tavolo,with the tables,"furniture,home",masculine,plural,articulated_preposition,coi,coi,con,common contraction,"Spostiamo le sedie coi tavoli.","We move the chairs with the tables."
sedia,true,sedia,chair,"furniture,home",feminine,singular,none,n/a,n/a,n/a,base lemma,"La sedia è comoda.","The chair is comfortable."
una sedia,false,sedia,a chair,"furniture,home",feminine,singular,indefinite,una,una,n/a,,"Ho comprato una sedia nuova.","I bought a new chair."
la sedia,false,sedia,the chair,"furniture,home",feminine,singular,definite,la,la,n/a,,"La sedia è vicino al tavolo.","The chair is near the table."
sedie,false,sedia,chairs,"furniture,home",feminine,plural,none,n/a,n/a,n/a,plural form,"Le sedie sono in cucina.","The chairs are in the kitchen."
le sedie,false,sedia,the chairs,"furniture,home",feminine,plural,definite,le,le,n/a,,"Le sedie sono comode.","The chairs are comfortable."
delle sedie,false,sedia,some chairs,"furniture,home",feminine,plural,articulated_preposition,delle,delle,di,,"Abbiamo ordinate delle sedie extra.","We ordered some extra chairs."
della sedia,false,sedia,of the chair,"furniture,home",feminine,singular,articulated_preposition,della,della,di,,"La stoffa della sedia è rossa.","The chair's fabric is red."
alla sedia,false,sedia,to the chair,"furniture,home",feminine,singular,articulated_preposition,alla,alla,a,,"Appoggia la borsa alla sedia.","Put the bag on the chair.")
alle sedie,false,sedia,to the chairs,"furniture,home",feminine,plural,articulated_preposition,alle,alle,a,,"Sistemiamo i cuscini alle sedie.","We place cushions on the chairs."
dalla sedia,false,sedia,from the chair,"furniture,home",feminine,singular,articulated_preposition,dalla,dalla,da,,"Scendi dalla sedia.","Get down from the chair."
dalle sedie,false,sedia,from the chairs,"furniture,home",feminine,plural,articulated_preposition,dalle,dalle,da,,"Ho tolto i cuscini dalle sedie.","I removed the cushions from the chairs."
nella sedia,false,sedia,in the chair,"furniture,home",feminine,singular,articulated_preposition,nella,nella,in,,"C'è una macchia nella sedia.","There is a stain in the chair."
nelle sedie,false,sedia,in the chairs,"furniture,home",feminine,plural,articulated_preposition,nelle,nelle,in,,"Trovo polvere nelle sedie riposte.","I find dust in the stored chairs."
sulla sedia,false,sedia,on the chair,"furniture,home",feminine,singular,articulated_preposition,sulla,sulla,su,,"Metti la giacca sulla sedia.","Put the jacket on the chair."
sulle sedie,false,sedia,on the chairs,"furniture,home",feminine,plural,articulated_preposition,sulle,sulle,su,,"Ci sono libri sulle sedie.","There are books on the chairs."
con la sedia,false,sedia,with the chair,"furniture,home",feminine,singular,articulated_preposition,con la,con la,con,not contracted,,"Sposto il tavolo con la sedia accanto.","I move the table with the chair next to it."
con le sedie,false,sedia,with the chairs,"furniture,home",feminine,plural,articulated_preposition,con le,con le,con,not contracted,,"Sistemo la stanza con le sedie nuove.","I set up the room with the new chairs."
bagno,true,bagno,bathroom,"places,home",masculine,singular,none,n/a,n/a,n/a,base lemma,"Devo andare in bagno.","I need to go to the bathroom."
un bagno,false,bagno,a bathroom/bath,"places,home",masculine,singular,indefinite,un,un,n/a,,"L'appartamento ha un bagno grande.","The apartment has a large bathroom."
il bagno,false,bagno,the bathroom,"places,home",masculine,singular,definite,il,il,n/a,,"Il bagno è pulito.","The bathroom is clean."
bagni,false,bagno,bathrooms,"places,home",masculine,plural,none,n/a,n/a,n/a,plural form,"I bagni sono occupati.","The bathrooms are occupied."
i bagni,false,bagno,the bathrooms,"places,home",masculine,plural,definite,i,i,n/a,,"I bagni sono al piano superiore.","The bathrooms are upstairs."
dei bagni,false,bagno,some bathrooms,"places,home",masculine,plural,articulated_preposition,dei,dei,di,,"Ho ispezionato dei bagni pubblici.","I inspected some public bathrooms."
del bagno,false,bagno,of the bathroom,"places,home",masculine,singular,articulated_preposition,del,del,di,,"La porta del bagno è rotta.","The bathroom door is broken."
al bagno,false,bagno,to the bathroom,"places,home",masculine,singular,articulated_preposition,al,al,a,,"Vado al bagno subito.","I go to the bathroom immediately."
ai bagni,false,bagno,to the bathrooms,"places,home",masculine,plural,articulated_preposition,ai,ai,a,,"Segnalo i problemi ai bagni.","I report problems to the bathrooms (management)."
dal bagno,false,bagno,from the bathroom,"places,home",masculine,singular,articulated_preposition,dal,dal,da,,"Esco dal bagno ora.","I leave the bathroom now."
dai bagni,false,bagno,from the bathrooms,"places,home",masculine,plural,articulated_preposition,dai,dai,da,,"Le pulizie dai bagni sono terminate.","The cleaning of the bathrooms is finished.")
nel bagno,false,bagno,in the bathroom,"places,home",masculine,singular,articulated_preposition,nel,nel,in,,"C'è un tappeto nel bagno.","There is a rug in the bathroom."
nei bagni,false,bagno,in the bathrooms,"places,home",masculine,plural,articulated_preposition,nei,nei,in,,"Ci sono asciugamani nei bagni.","There are towels in the bathrooms."
sul bagno,false,bagno,on the bathroom,"places,home",masculine,singular,articulated_preposition,sul,sul,su,,"C'è un adesivo sul bagno (porta).","There is a sticker on the bathroom (door)."
sui bagni,false,bagno,on the bathrooms,"places,home",masculine,plural,articulated_preposition,sui,sui,su,,"Ho visto messaggi sui bagni pubblici.","I saw messages on public bathrooms.")
col bagno,false,bagno,with the bathroom (figurative),"places,home",masculine,singular,articulated_preposition,col,col,con,common contraction,"Lavoriamo col bagno nuovo per rinnovarlo.","We work with the new bathroom to renovate it."
coi bagni,false,bagno,with the bathrooms,"places,home",masculine,plural,articulated_preposition,coi,coi,con,common contraction,"Coordinano i lavori coi bagni dell'edificio.","They coordinate the works with the building's bathrooms."
camera,true,camera,room,"places,home",feminine,singular,none,n/a,n/a,n/a,base lemma,"La camera è luminosa.","The room is bright."
una camera,false,camera,a room,"places,home",feminine,singular,indefinite,una,una,n/a,,"Abbiamo prenotato una camera.","We booked a room."
la camera,false,camera,the room,"places,home",feminine,singular,definite,la,la,n/a,,"La camera ha un balcone.","The room has a balcony."
camere,false,camera,rooms,"places,home",feminine,plural,none,n/a,n/a,n/a,plural form,"Le camere sono spaziose.","The rooms are spacious."
le camere,false,camera,the rooms,"places,home",feminine,plural,definite,le,le,n/a,,"Le camere dell'hotel sono pulite.","The hotel's rooms are clean."
delle camere,false,camera,some rooms,"places,home",feminine,plural,articulated_preposition,delle,delle,di,,"Abbiamo visitato delle camere disponibili.","We visited some available rooms."
della camera,false,camera,of the room,"places,home",feminine,singular,articulated_preposition,della,della,di,,"La vista della camera è bella.","The room's view is beautiful."
alla camera,false,camera,to the room,"places,home",feminine,singular,articulated_preposition,alla,alla,a,,"Porta la borsa alla camera.","Take the bag to the room.")
alle camere,false,camera,to the rooms,"places,home",feminine,plural,articulated_preposition,alle,alle,a,,"Distribuiamo gli asciugamani alle camere.","We distribute towels to the rooms.")
dalla camera,false,camera,from the room,"places,home",feminine,singular,articulated_preposition,dalla,dalla,da,,"Vengo dalla camera da letto.","I come from the bedroom.")
dalle camere,false,camera,from the rooms,"places,home",feminine,plural,articulated_preposition,dalle,dalle,da,,"Ho preso vestiti dalle camere.","I took clothes from the rooms.")
nella camera,false,camera,in the room,"places,home",feminine,singular,articulated_preposition,nella,nella,in,,"C'è polvere nella camera.","There is dust in the room.")
nelle camere,false,camera,in the rooms,"places,home",feminine,plural,articulated_preposition,nelle,nelle,in,,"Ho lasciato oggetti nelle camere.","I left items in the rooms.")
sulla camera,false,camera,on the room (figurative),"places,home",feminine,singular,articulated_preposition,sulla,sulla,su,,"C'è un cartello sulla camera.","There is a sign on the room.")
sulle camere,false,camera,on the rooms,"places,home",feminine,plural,articulated_preposition,sulle,sulle,su,,"Ho trovato recensioni sulle camere.","I found reviews about the rooms.")
con la camera,false,camera,with the room,"places,home",feminine,singular,articulated_preposition,con la,con la,con,not contracted,,"Arredo con la camera attuale.","I furnish with the current room.")
con le camere,false,camera,with the rooms,"places,home",feminine,plural,articulated_preposition,con le,con le,con,not contracted,,"Coordiniamo con le camere adiacenti.","We coordinate with the adjacent rooms.")
biglietto,true,biglietto,ticket,"travel,events",masculine,singular,none,n/a,n/a,n/a,base lemma,"Ho comprato un biglietto.","I bought a ticket."
un biglietto,false,biglietto,a ticket,"travel,events",masculine,singular,indefinite,un,un,n/a,,"Devo comprare un biglietto per il treno.","I need to buy a ticket for the train."
il biglietto,false,biglietto,the ticket,"travel,events",masculine,singular,definite,il,il,n/a,,"Il biglietto è valido per due ore.","The ticket is valid for two hours."
biglietti,false,biglietto,tickets,"travel,events",masculine,plural,none,n/a,n/a,n/a,plural form,"I biglietti sono esauriti.","The tickets are sold out."
i biglietti,false,biglietto,the tickets,"travel,events",masculine,plural,definite,i,i,n/a,,"I biglietti sono sul tavolo.","The tickets are on the table."
dei biglietti,false,biglietto,some tickets,"travel,events",masculine,plural,articulated_preposition,dei,dei,di,,"Ci servono dei biglietti extra.","We need some extra tickets."
del biglietto,false,biglietto,of the ticket,"travel,events",masculine,singular,articulated_preposition,del,del,di,,"Il codice del biglietto è sul retro.","The ticket code is on the back.")
al biglietto,false,biglietto,to the ticket,"travel,events",masculine,singular,articulated_preposition,al,al,a,,"Applica il timbro al biglietto.","Stamp the ticket.")
ai biglietti,false,biglietto,to the tickets,"travel,events",masculine,plural,articulated_preposition,ai,ai,a,,"Aggiungi informazioni ai biglietti.","Add information to the tickets.")
dal biglietto,false,biglietto,from the ticket,"travel,events",masculine,singular,articulated_preposition,dal,dal,da,,"Leggo la data dal biglietto.","I read the date from the ticket.")
dai biglietti,false,biglietto,from the tickets,"travel,events",masculine,plural,articulated_preposition,dai,dai,da,,"Estraggo informazioni dai biglietti.","I extract information from the tickets.")
nel biglietto,false,biglietto,in the ticket,"travel,events",masculine,singular,articulated_preposition,nel,nel,in,,"C'è un codice nel biglietto.","There is a code in the ticket.")
nei biglietti,false,biglietto,in the tickets,"travel,events",masculine,plural,articulated_preposition,nei,nei,in,,"Trovo errori nei biglietti.","I find errors in the tickets.")
sul biglietto,false,biglietto,on the ticket,"travel,events",masculine,singular,articulated_preposition,sul,sul,su,,"Ho scritto il nome sul biglietto.","I wrote the name on the ticket.")
sui biglietti,false,biglietto,on the tickets,"travel,events",masculine,plural,articulated_preposition,sui,sui,su,,"Controllo le informazioni sui biglietti.","I check the information on the tickets.")
col biglietto,false,biglietto,with the ticket,"travel,events",masculine,singular,articulated_preposition,col,col,con,common contraction,"Entro col biglietto valido.","I enter with a valid ticket.")
coi biglietti,false,biglietto,with the tickets,"travel,events",masculine,plural,articulated_preposition,coi,coi,con,common contraction,"Viaggiamo coi biglietti elettronici.","We travel with electronic tickets.")
macchina,true,macchina,car,"transport,vehicles",feminine,singular,none,n/a,n/a,n/a,base lemma,"La macchina è parcheggiata.","The car is parked."
una macchina,false,macchina,a car,"transport,vehicles",feminine,singular,indefinite,una,una,n/a,,"Ho noleggiato una macchina.","I rented a car."
la macchina,false,macchina,the car,"transport,vehicles",feminine,singular,definite,la,la,n/a,,"La macchina è nuova.","The car is new."
macchine,false,macchina,cars,"transport,vehicles",feminine,plural,none,n/a,n/a,n/a,plural form,"Le macchine in città sono molte.","There are many cars in the city.")
le macchine,false,macchina,the cars,"transport,vehicles",feminine,plural,definite,le,le,n/a,,"Le macchine elettriche sono in aumento.","Electric cars are increasing.")
delle macchine,false,macchina,some cars,"transport,vehicles",feminine,plural,articulated_preposition,delle,delle,di,,"Abbiamo testato delle macchine ibride.","We tested some hybrid cars.")
della macchina,false,macchina,of the car,"transport,vehicles",feminine,singular,articulated_preposition,della,della,di,,"La batteria della macchina è scarica.","The car's battery is dead.")
alla macchina,false,macchina,to the car,"transport,vehicles",feminine,singular,articulated_preposition,alla,alla,a,,"Attacca il caricatore alla macchina.","Plug the charger into the car.")
alle macchine,false,macchina,to the cars,"transport,vehicles",feminine,plural,articulated_preposition,alle,alle,a,,"Installiamo sistemi alle macchine nuove.","We install systems on the new cars.")
dalla macchina,false,macchina,from the car,"transport,vehicles",feminine,singular,articulated_preposition,dalla,dalla,da,,"Scendo dalla macchina.","I get out of the car.")
dalle macchine,false,macchina,from the cars,"transport,vehicles",feminine,plural,articulated_preposition,dalle,dalle,da,,"Le informazioni derivano dalle macchine testate.","The information comes from the tested cars.")
nella macchina,false,macchina,in the car,"transport,vehicles",feminine,singular,articulated_preposition,nella,nella,in,,"Lascia le chiavi nella macchina.","Leave the keys in the car.")
nelle macchine,false,macchina,in the cars,"transport,vehicles",feminine,plural,articulated_preposition,nelle,nelle,in,,"Trovi oggetti nelle macchine usate.","You find items in used cars.")
sulla macchina,false,macchina,on the car,"transport,vehicles",feminine,singular,articulated_preposition,sulla,sulla,su,,"Metti il bagaglio sulla macchina.","Put the luggage on the car.")
sulle macchine,false,macchina,on the cars,"transport,vehicles",feminine,plural,articulated_preposition,sulle,sulle,su,,"Ci sono adesivi sulle macchine d'epoca.","There are stickers on vintage cars.")
con la macchina,false,macchina,with the car,"transport,vehicles",feminine,singular,articulated_preposition,con la,con la,con,not contracted,,"Viaggiamo con la macchina nuova.","We travel with the new car.")
con le macchine,false,macchina,with the cars,"transport,vehicles",feminine,plural,articulated_preposition,con le,con le,con,not contracted,,"Collaboriamo con le macchine della flotta.","We collaborate with the fleet's cars.")
autobus,true,autobus,bus,"transport,public",masculine,singular,none,n/a,n/a,n/a,base lemma,"Prendo l'autobus ogni mattina.","I take the bus every morning."
un autobus,false,autobus,a bus,"transport,public",masculine,singular,indefinite,un,un,n/a,,"Salgo su un autobus affollato.","I get on a crowded bus."
l'autobus,false,autobus,the bus,"transport,public",masculine,singular,definite,l',l',n/a,elision,"L'autobus è in ritardo.","The bus is late."
autobus,false,autobus,buses (invariable plural common),"transport,public",masculine,plural,none,n/a,n/a,n/a,invariable plural common,"Gli autobus passano ogni 10 minuti.","Buses pass every 10 minutes."
gli autobus,false,autobus,the buses,"transport,public",masculine,plural,definite,gli,gli,n/a,,"Gli autobus sono affollati oggi.","The buses are crowded today."
degli autobus,false,autobus,some buses,"transport,public",masculine,plural,articulated_preposition,degli,degli,di,,"Abbiamo visto degli autobus nuovi.","We saw some new buses.")
dell'autobus,false,autobus,of the bus,"transport,public",masculine,singular,articulated_preposition,dell',dell',di,,"Il biglietto dell'autobus scade oggi.","The bus ticket expires today.")
all'autobus,false,autobus,to the bus,"transport,public",masculine,singular,articulated_preposition,all',all',a,,"Sono arrivato all'autobus in tempo.","I arrived at the bus in time.")
agli autobus,false,autobus,to the buses,"transport,public",masculine,plural,articulated_preposition,agli,agli,a,,"Consegno pacchi agli autobus per il servizio.","I deliver parcels to the buses for the service.")
dal autobus,false,autobus,from the bus,"transport,public",masculine,singular,articulated_preposition,dall',dall',da,,"Scendo dall'autobus qui.","I get off the bus here.")
dai autobus,false,autobus,from the buses,"transport,public",masculine,plural,articulated_preposition,dagli,dagli,da,,"Hanno ricevuto segnalazioni dai autobus (forma comune: dagli autobus).",note,"(rare/colloquial) Use 'dagli autobus' or 'dai bus' in speech."
nell'autobus,false,autobus,in the bus,"transport,public",masculine,singular,articulated_preposition,nell',nell',in,,"C'è molto rumore nell'autobus.","There is a lot of noise in the bus.")
negli autobus,false,autobus,in the buses,"transport,public",masculine,plural,articulated_preposition,negli,negli,in,,"Ci sono poster negli autobus.","There are posters in the buses.")
sull'autobus,false,autobus,on the bus,"transport,public",masculine,singular,articulated_preposition,sull',sull',su,,"C'è una donna sull'autobus.","There is a woman on the bus.")
sugli autobus,false,autobus,on the buses,"transport,public",masculine,plural,articulated_preposition,sugli,sugli,su,,"Leggo avvisi sugli autobus.","I read notices on the buses.")
con l'autobus,false,autobus,with the bus,"transport,public",masculine,singular,articulated_preposition,con l',con l',con,not contracted,"Prendo decisioni con l'autobus in mente.","I make decisions with the bus in mind.")
con gli autobus,false,autobus,with the buses,"transport,public",masculine,plural,articulated_preposition,con gli,con gli,con,not contracted,,"Collaboriamo con gli autobus per il trasporto scolastico.","We collaborate with the buses for school transport.")
treno,true,treno,train,"transport,public",masculine,singular,none,n/a,n/a,n/a,base lemma,"Il treno parte alle otto.","The train leaves at eight."
un treno,false,treno,a train,"transport,public",masculine,singular,indefinite,un,un,n/a,,"Prendo un treno regionale.","I take a regional train."
il treno,false,treno,the train,"transport,public",masculine,singular,definite,il,il,n/a,,"Il treno è puntuale.","The train is on time."
treni,false,treno,trains,"transport,public",masculine,plural,none,n/a,n/a,n/a,plural form,"I treni sono moderni.","The trains are modern."
i treni,false,treno,the trains,"transport,public",masculine,plural,definite,i,i,n/a,,"I treni collegano le città.","Trains connect the cities.")
dei treni,false,treno,some trains,"transport,public",masculine,plural,articulated_preposition,dei,dei,di,,"Ho controllato degli orari dei treni.","I checked some train timetables.")
del treno,false,treno,of the train,"transport,public",masculine,singular,articulated_preposition,del,del,di,,"Il rumore del treno è forte.","The noise of the train is loud.")
al treno,false,treno,to the train,"transport,public",masculine,singular,articulated_preposition,al,al,a,,"Corro al treno.","I run to the train.")
ai treni,false,treno,to the trains,"transport,public",masculine,plural,articulated_preposition,ai,ai,a,,"Parlo ai treni notturni.","I talk to the night trains (figurative).")
dal treno,false,treno,from the train,"transport,public",masculine,singular,articulated_preposition,dal,dal,da,,"Scendo dal treno a Firenze.","I get off the train in Florence.")
dai treni,false,treno,from the trains,"transport,public",masculine,plural,articulated_preposition,dai,dai,da,,"Ho ricevuto avvisi dai treni in ritardo.","I received notices from delayed trains.")
nel treno,false,treno,in the train,"transport,public",masculine,singular,articulated_preposition,nel,nel,in,,"C'è silenzio nel treno.","There is silence in the train.")
nei treni,false,treno,in the trains,"transport,public",masculine,plural,articulated_preposition,nei,nei,in,,"Ci sono servizi nei treni moderni.","There are services in modern trains.")
sul treno,false,treno,on the train,"transport,public",masculine,singular,articulated_preposition,sul,sul,su,,"Ho messo il bagaglio sul treno.","I put the luggage on the train.")
sui treni,false,treno,on the trains,"transport,public",masculine,plural,articulated_preposition,sui,sui,su,,"Trovo informazioni sui treni online.","I find information about trains online.")
col treno,false,treno,with/by train,"transport,public",masculine,singular,articulated_preposition,col,col,con,common contraction meaning 'by',,"Viaggio col treno regionale.","I travel by regional train.")
coi treni,false,treno,with the trains,"transport,public",masculine,plural,articulated_preposition,coi,coi,con,common contraction,"Collaboriamo coi treni per i trasporti.","We collaborate with the trains for transportation.")
aeroporto,true,aeroporto,airport,"travel,transport",masculine,singular,none,n/a,n/a,n/a,base lemma,"Parto dall'aeroporto domani.","I leave from the airport tomorrow."
un aeroporto,false,aeroporto,an airport,"travel,transport",masculine,singular,indefinite,un,un,n/a,,"C'è un aeroporto vicino.","There is an airport nearby.")
l'aeroporto,false,aeroporto,the airport,"travel,transport",masculine,singular,definite,l',l',n/a,elision,"L'aeroporto è grande.","The airport is big.")
aeroporti,false,aeroporto,airports,"travel,transport",masculine,plural,none,n/a,n/a,n/a,plural form,"Gli aeroporti europei sono affollati.","European airports are crowded.")
gli aeroporti,false,aeroporto,the airports,"travel,transport",masculine,plural,definite,gli,gli,n/a,,"Gli aeroporti servono molte rotte.","The airports serve many routes.")
degli aeroporti,false,aeroporto,some airports,"travel,transport",masculine,plural,articulated_preposition,degli,degli,di,,"Ho visitato degli aeroporti internazionali.","I visited some international airports.")
dell'aeroporto,false,aeroporto,of the airport,"travel,transport",masculine,singular,articulated_preposition,dell',dell',di,,"Il parcheggio dell'aeroporto è pieno.","The airport parking is full.")
all'aeroporto,false,aeroporto,to the airport,"travel,transport",masculine,singular,articulated_preposition,all',all',a,,"Devo andare all'aeroporto presto.","I must go to the airport early.")
agli aeroporti,false,aeroporto,to the airports,"travel,transport",masculine,plural,articulated_preposition,agli,agli,a,,"Consegno merci agli aeroporti.","I deliver goods to the airports.")
dal aeroporto,false,aeroporto,from the airport,"travel,transport",masculine,singular,articulated_preposition,dall',dall',da,,"Arrivo dal aeroporto questa sera.","I arrive from the airport this evening.")
dai aeroporti,false,aeroporto,from the airports,"travel,transport",masculine,plural,articulated_preposition,dagli,dagli,da,,"Partono voli dai aeroporti principali.","Flights depart from the main airports.")
nell'aeroporto,false,aeroporto,in the airport,"travel,transport",masculine,singular,articulated_preposition,nell',nell',in,,"Ho perso qualcosa nell'aeroporto.","I lost something in the airport.")
negli aeroporti,false,aeroporto,in the airports,"travel,transport",masculine,plural,articulated_preposition,negli,negli,in,,"Ci sono controlli negli aeroporti.","There are checks in the airports.")
sull'aeroporto,false,aeroporto,on the airport (rare/figurative),"travel,transport",masculine,singular,articulated_preposition,sull',sull',su,,"C'è un progetto sull'aeroporto locale.","There is a project about the local airport.")
sugli aeroporti,false,aeroporto,on the airports,"travel,transport",masculine,plural,articulated_preposition,sugli,sugli,su,,"Ho letto rapporti sugli aeroporti.","I read reports on the airports.")
con l'aeroporto,false,aeroporto,with the airport,"travel,transport",masculine,singular,articulated_preposition,con l',con l',con,not contracted,,"Collaboriamo con l'aeroporto per i voli charter.","We work with the airport for charter flights.")
con gli aeroporti,false,aeroporto,with the airports,"travel,transport",masculine,plural,articulated_preposition,con gli,con gli,con,not contracted,,"Siamo in contatto con gli aeroporti internazionali.","We are in contact with international airports.")
albergo,true,albergo,hotel,"places,accommodation",masculine,singular,none,n/a,n/a,n/a,base lemma,"Ho prenotato un albergo.","I booked a hotel."
un albergo,false,albergo,a hotel,"places,accommodation",masculine,singular,indefinite,un,un,n/a,,"Cerco un albergo economico.","I look for an inexpensive hotel.")
l'albergo,false,albergo,the hotel,"places,accommodation",masculine,singular,definite,l',l',n/a,elision,"L'albergo è vicino al centro.","The hotel is near the center.")
alberghi,false,albergo,hotels,"places,accommodation",masculine,plural,none,n/a,n/a,n/a,plural form (alberghi common), "Gli alberghi offrono servizi diversi.","Hotels offer different services.")
gli alberghi,false,albergo,the hotels,"places,accommodation",masculine,plural,definite,gli,gli,n/a,,"Gli alberghi della costa sono pieni.","The hotels on the coast are full.")
degli alberghi,false,albergo,some hotels,"places,accommodation",masculine,plural,articulated_preposition,degli,degli,di,,"Ho visitato degli alberghi in città.","I visited some hotels in the city.")
dell'albergo,false,albergo,of the hotel,"places,accommodation",masculine,singular,articulated_preposition,dell',dell',di,,"La reception dell'albergo è aperta 24h.","The hotel's reception is open 24h.")
all'albergo,false,albergo,to the hotel,"places,accommodation",masculine,singular,articulated_preposition,all',all',a,,"Arrivo all'albergo domani.","I arrive at the hotel tomorrow.")
agli alberghi,false,albergo,to the hotels,"places,accommodation",masculine,plural,articulated_preposition,agli,agli,a,,"Consegno brochure agli alberghi locali.","I deliver brochures to the local hotels.")
dal albergo,false,albergo,from the hotel (use dall'),"places,accommodation",masculine,singular,articulated_preposition,dall',dall',da,,"Parto dall'albergo alle sei.","I leave the hotel at six.")
dai alberghi,false,albergo,from the hotels (use dagli), "places,accommodation",masculine,plural,articulated_preposition,dagli,dagli,da,,"Riceviamo feedback dai alberghi della zona.","We receive feedback from the area's hotels.")
nell'albergo,false,albergo,in the hotel,"places,accommodation",masculine,singular,articulated_preposition,nell',nell',in,,"C'è una piscina nell'albergo.","There is a pool in the hotel.")
negli alberghi,false,albergo,in the hotels,"places,accommodation",masculine,plural,articulated_preposition,negli,negli,in,,"Organizzo eventi negli alberghi.","I organize events in the hotels.")
sull'albergo,false,albergo,on the hotel,"places,accommodation",masculine,singular,articulated_preposition,sull',sull',su,,"C'è un'insegna sull'albergo.","There is a sign on the hotel.")
sugli alberghi,false,albergo,on the hotels,"places,accommodation",masculine,plural,articulated_preposition,sugli,sugli,su,,"Ho letto recensioni sugli alberghi.","I read reviews about the hotels.")
con l'albergo,false,albergo,with the hotel,"places,accommodation",masculine,singular,articulated_preposition,con l',con l',con,not contracted,,"Collaboriamo con l'albergo per la conferenza.","We collaborate with the hotel for the conference.")
con gli alberghi,false,albergo,with the hotels,"places,accommodation",masculine,plural,articulated_preposition,con gli,con gli,con,not contracted,,"Firmiamo contratti con gli alberghi della zona.","We sign contracts with the area's hotels.")
strada,true,strada,street, "places,transport",feminine,singular,none,n/a,n/a,n/a,base lemma,"La strada è lunga.","The street is long."
una strada,false,strada,a street,"places,transport",feminine,singular,indefinite,una,una,n/a,,"Cammino lungo una strada trafficata.","I walk along a busy street.")
la strada,false,strada,the street,"places,transport",feminine,singular,definite,la,la,n/a,,"La strada è chiusa.","The street is closed.")
strade,false,strada,streets,"places,transport",feminine,plural,none,n/a,n/a,n/a,plural form,"Le strade sono sporche dopo la pioggia.","The streets are dirty after the rain.")
le strade,false,strada,the streets,"places,transport",feminine,plural,definite,le,le,n/a,,"Le strade del centro sono pedonali.","The city center streets are pedestrian.")
delle strade,false,strada,some streets,"places,transport",feminine,plural,articulated_preposition,delle,delle,di,,"Ho esplorato delle strade secondarie.","I explored some side streets.")
della strada,false,strada,of the street,"places,transport",feminine,singular,articulated_preposition,della,della,di,,"La segnaletica della strada è chiara.","The street signs are clear.")
alla strada,false,strada,to the street (use 'in' often),"places,transport",feminine,singular,articulated_preposition,alla,alla,a,,"Vai alla strada principale.","Go to the main street.")
alle strade,false,strada,to the streets,"places,transport",feminine,plural,articulated_preposition,alle,alle,a,,"Portiamo i materiali alle strade laterali.","We bring materials to the side streets.")
dalla strada,false,strada,from the street,"places,transport",feminine,singular,articulated_preposition,dalla,dalla,da,,"Guardavo dalla strada.","I was watching from the street.")
dalle strade,false,strada,from the streets,"places,transport",feminine,plural,articulated_preposition,dalle,dalle,da,,"I rumori dalle strade disturbarono il riposo.","The noises from the streets disturbed the rest.")
nella strada,false,strada,in the street,"places,transport",feminine,singular,articulated_preposition,nella,nella,in,,"C'è una fontana nella strada.","There is a fountain in the street.")
nelle strade,false,strada,in the streets,"places,transport",feminine,plural,articulated_preposition,nelle,nelle,in,,"Si trovano negozi nelle strade laterali.","You find shops in the side streets.")
sulla strada,false,strada,on the street,"places,transport",feminine,singular,articulated_preposition,sulla,sulla,su,,"Ho lasciato la bici sulla strada.","I left the bike on the street.")
sulle strade,false,strada,on the streets,"places,transport",feminine,plural,articulated_preposition,sulle,sulle,su,,"Ci sono cantieri sulle strade.","There are construction sites on the streets.")
con la strada,false,strada,with the street (figurative),"places,transport",feminine,singular,articulated_preposition,con la,con la,con,not contracted,,"Pianifichiamo con la strada locale per la deviazione.","We plan with the local road for the detour.")
con le strade,false,strada,with the streets,"places,transport",feminine,plural,articulated_preposition,con le,con le,con,not contracted,,"Collaboriamo con le strade cittadine per gli eventi.","We collaborate with the city streets for events.")
negozio,true,negozio,shop/store,"commerce,places",masculine,singular,none,n/a,n/a,n/a,base lemma,"Vado al negozio per comprare pane.","I go to the shop to buy bread.")
un negozio,false,negozio,a shop,"commerce,places",masculine,singular,indefinite,un,un,n/a,,"Apro un negozio online.","I open an online shop.")
il negozio,false,negozio,the shop,"commerce,places",masculine,singular,definite,il,il,n/a,,"Il negozio chiude alle otto.","The shop closes at eight.")
negozi,false,negozio,shops,"commerce,places",masculine,plural,none,n/a,n/a,n/a,plural form,"I negozi sono affollati.","The shops are crowded.")
i negozi,false,negozio,the shops,"commerce,places",masculine,plural,definite,i,i,n/a,,"I negozi offrono sconti.","The shops offer discounts.")
dei negozi,false,negozio,some shops,"commerce,places",masculine,plural,articulated_preposition,dei,dei,di,,"Ho visitato dei negozi nuovi.","I visited some new shops.")
del negozio,false,negozio,of the shop,"commerce,places",masculine,singular,articulated_preposition,del,del,di,,"Il proprietario del negozio è gentile.","The shop owner is kind.")
al negozio,false,negozio,to the shop,"commerce,places",masculine,singular,articulated_preposition,al,al,a,,"Vado al negozio a comprare frutta.","I go to the shop to buy fruit.")
ai negozi,false,negozio,to the shops,"commerce,places",masculine,plural,articulated_preposition,ai,ai,a,,"Consegno volantini ai negozi locali.","I deliver flyers to the local shops.")
dal negozio,false,negozio,from the shop,"commerce,places",masculine,singular,articulated_preposition,dal,dal,da,,"Torno dal negozio con le borse.","I return from the shop with the bags.")
dai negozi,false,negozio,from the shops,"commerce,places",masculine,plural,articulated_preposition,dai,dai,da,,"Ho comprato prodotti dai negozi artigianali.","I bought products from the artisan shops.")
nel negozio,false,negozio,in the shop,"commerce,places",masculine,singular,articulated_preposition,nel,nel,in,,"C'è una promozione nel negozio.","There is a promotion in the shop.")
nei negozi,false,negozio,in the shops,"commerce,places",masculine,plural,articulated_preposition,nei,nei,in,,"Trovi regali nei negozi del centro.","You find gifts in the downtown shops.")
sul negozio,false,negozio,on the shop,"commerce,places",masculine,singular,articulated_preposition,sul,sul,su,,"C'è un'insegna sul negozio.","There is a sign on the shop.")
sui negozi,false,negozio,on the shops,"commerce,places",masculine,plural,articulated_preposition,sui,sui,su,,"Ho letto recensioni sui negozi online.","I read reviews about the online shops.")
col negozio,false,negozio,with the shop (figurative),"commerce,places",masculine,singular,articulated_preposition,col,col,con,common contraction,"Collaboriamo col negozio per la vendita.","We collaborate with the shop for the sale.")
coi negozi,false,negozio,with the shops,"commerce,places",masculine,plural,articulated_preposition,coi,coi,con,common contraction,"Distribuiamo volantini coi negozi del quartiere.","We distribute flyers with the neighborhood shops.")