english_term,italian_term,part_of_speech,topics,english_base_term,italian_base_term
I,io,pronoun,"[spotify_lessons, lesson_1_basics]",I,io
you (familiar),tu,pronoun,"[spotify_lessons, lesson_1_basics]",you,tu
you (polite),Lei,pronoun,"[spotify_lessons, lesson_1_basics]",you,Lei
he,lui,pronoun,"[spotify_lessons, lesson_1_basics]",he,lui
she,lei,pronoun,"[spotify_lessons, lesson_1_basics]",she,lei
this,questo / questa,pronoun,"[spotify_lessons, lesson_1_basics]",this,questo
we,noi,pronoun,"[spotify_lessons, lesson_1_basics]",we,noi
you (plural),voi,pronoun,"[spotify_lessons, lesson_1_basics]",you,voi
they,loro,pronoun,"[spotify_lessons, lesson_1_basics]",they,loro
good morning / good day,buongiorno,interjection,"[spotify_lessons, lesson_1_basics]",good morning,buongiorno
good evening,buonasera,interjection,"[spotify_lessons, lesson_1_basics]",good evening,buonasera
good night,buonanotte,interjection,"[spotify_lessons, lesson_1_basics]",good night,buonanotte
goodbye,arrivederci,interjection,"[spotify_lessons, lesson_1_basics]",goodbye,arrivederci
hello / goodbye,ciao,interjection,"[spotify_lessons, lesson_1_basics]",hello,ciao
please,per favore / per piacere,phrase,"[spotify_lessons, lesson_1_basics]",please,per favore
thank you,grazie,interjection,"[spotify_lessons, lesson_1_basics]",thank you,grazie
you're welcome / please,prego,interjection,"[spotify_lessons, lesson_1_basics]",you're welcome,prego
yes,sì,adverb,"[spotify_lessons, lesson_1_basics]",yes,sì
no,no,adverb,"[spotify_lessons, lesson_1_basics]",no,no
good,buono,adjective,"[spotify_lessons, lesson_1_basics]",good,buono
bad,cattivo,adjective,"[spotify_lessons, lesson_1_basics]",bad,cattivo
sir / mister,signore,noun,"[spotify_lessons, lesson_1_basics]",sir,signore
madam / misses,signora,noun,"[spotify_lessons, lesson_1_basics]",madam,signora
miss,signorina,noun,"[spotify_lessons, lesson_1_basics]",miss,signorina
I want,io voglio,phrase,"[spotify_lessons, lesson_2_basic_phrases]",want,voglio
I don't want,io non voglio,phrase,"[spotify_lessons, lesson_2_basic_phrases]",not want,non voglio
where,dove,adverb,"[spotify_lessons, lesson_2_basic_phrases]",where,dove
where is / where is it,dov'è,phrase,"[spotify_lessons, lesson_2_basic_phrases]",where is,dov'è
where is the toilet / where is the bathroom,dov'è il bagno,phrase,"[spotify_lessons, lesson_2_basic_phrases]",where is the bathroom,dov'è il bagno
how much does it cost,quanto costa,phrase,"[spotify_lessons, lesson_2_basic_phrases]",how much does it cost,quanto costa
time / hour,ora,noun,"[spotify_lessons, lesson_2_basic_phrases]",time,ora
what time / which hour,che ora,phrase,"[spotify_lessons, lesson_2_basic_phrases]",what time,che ora
at what time,a che ora,phrase,"[spotify_lessons, lesson_2_basic_phrases]",at what time,a che ora
you have (polite),Lei ha,phrase,"[spotify_lessons, lesson_2_basic_phrases]",have,ha
do you have (polite),ha,verb,"[spotify_lessons, lesson_2_basic_phrases]",have,ha
I understand,io capisco,phrase,"[spotify_lessons, lesson_2_basic_phrases]",understand,capisco
I don't understand,io non capisco,phrase,"[spotify_lessons, lesson_2_basic_phrases]",not understand,non capisco
do you understand,Lei capisce,phrase,"[spotify_lessons, lesson_2_basic_phrases]",understand,capisce
it is,è,verb,"[spotify_lessons, lesson_2_basic_phrases]",be,essere
is it?,è?,verb,"[spotify_lessons, lesson_2_basic_phrases]",be,essere
train,treno,noun,"[spotify_lessons, lesson_3_transportation_nouns]",train,treno
a train,un treno,noun,"[spotify_lessons, lesson_3_transportation_nouns]",train,treno
the train,il treno,noun,"[spotify_lessons, lesson_3_transportation_nouns]",train,treno
the trains,i treni,noun,"[spotify_lessons, lesson_3_transportation_nouns]",train,treno
an automobile,una macchina,noun,"[spotify_lessons, lesson_3_transportation_nouns]",automobile,macchina
the automobile,la macchina,noun,"[spotify_lessons, lesson_3_transportation_nouns]",automobile,macchina
the automobiles,le macchine,noun,"[spotify_lessons, lesson_3_transportation_nouns]",automobile,macchina
a taxi,un taxi,noun,"[spotify_lessons, lesson_3_transportation_nouns]",taxi,taxi
the taxi,il taxi,noun,"[spotify_lessons, lesson_3_transportation_nouns]",taxi,taxi
a ship,una nave,noun,"[spotify_lessons, lesson_3_transportation_nouns]",ship,nave
the ship,la nave,noun,"[spotify_lessons, lesson_3_transportation_nouns]",ship,nave
an airplane,un aereo,noun,"[spotify_lessons, lesson_3_transportation_nouns]",airplane,aereo
the airplane,l'aereo,noun,"[spotify_lessons, lesson_3_transportation_nouns]",airplane,aereo
the bus,l'autobus,noun,"[spotify_lessons, lesson_3_transportation_nouns]",bus,autobus
a bus,un autobus,noun,"[spotify_lessons, lesson_3_transportation_nouns]",bus,autobus
the bus stop,la fermata dell'autobus,noun,"[spotify_lessons, lesson_3_transportation_nouns]",bus stop,fermata dell'autobus
a bus stop,una fermata dell'autobus,noun,"[spotify_lessons, lesson_3_transportation_nouns]",bus stop,fermata dell'autobus
a ticket,un biglietto,noun,"[spotify_lessons, lesson_3_transportation_nouns]",ticket,biglietto
the ticket,il biglietto,noun,"[spotify_lessons, lesson_3_transportation_nouns]",ticket,biglietto
the ticket window / the ticket office,la biglietteria,noun,"[spotify_lessons, lesson_3_transportation_nouns]",ticket office,biglietteria
an airport,un aeroporto,noun,"[spotify_lessons, lesson_3_transportation_nouns]",airport,aeroporto
the airport,l'aeroporto,noun,"[spotify_lessons, lesson_3_transportation_nouns]",airport,aeroporto
the flight,il volo,noun,"[spotify_lessons, lesson_3_transportation_nouns]",flight,volo
a connection,una coincidenza,noun,"[spotify_lessons, lesson_3_transportation_nouns]",connection,coincidenza
the connection,la coincidenza,noun,"[spotify_lessons, lesson_3_transportation_nouns]",connection,coincidenza
the connections,le coincidenze,noun,"[spotify_lessons, lesson_3_transportation_nouns]",connection,coincidenza
the gate,l'uscita,noun,"[spotify_lessons, lesson_3_transportation_nouns]",gate,uscita
the railway,la ferrovia,noun,"[spotify_lessons, lesson_3_transportation_nouns]",railway,ferrovia
the station,la stazione,noun,"[spotify_lessons, lesson_3_transportation_nouns]",station,stazione
the railway station,la stazione ferroviaria,noun,"[spotify_lessons, lesson_3_transportation_nouns]",railway station,stazione ferroviaria
the bus terminal,il capolinea dell'autobus,noun,"[spotify_lessons, lesson_3_transportation_nouns]",bus terminal,capolinea dell'autobus
the platform,il marciapiede,noun,"[spotify_lessons, lesson_3_transportation_nouns]",platform,marciapiede
which platform,quale marciapiede,phrase,"[spotify_lessons, lesson_3_transportation_nouns]",which platform,quale marciapiede
which track,quale binario,phrase,"[spotify_lessons, lesson_3_transportation_nouns]",which track,quale binario
which traincar,quale carrozza,phrase,"[spotify_lessons, lesson_3_transportation_nouns]",which car,quale carrozza
where is the train station,dov'è la stazione ferroviaria,phrase,"[spotify_lessons, lesson_4_transportation_phrases]",where is the train station,dov'è la stazione ferroviaria
to the train station please,alla stazione ferroviaria per favore,phrase,"[spotify_lessons, lesson_4_transportation_phrases]",to the train station,alla stazione ferroviaria
to the airport please,all'aeroporto per favore,phrase,"[spotify_lessons, lesson_4_transportation_phrases]",to the airport,all'aeroporto
I want a taxi,vorrei un taxi,phrase,"[spotify_lessons, lesson_4_transportation_phrases]",I want a taxi,vorrei un taxi
I would like,vorrei,verb,"[spotify_lessons, lesson_4_transportation_phrases]",would like,vorrei
I would like a ticket,vorrei un biglietto,phrase,"[spotify_lessons, lesson_4_transportation_phrases]",I would like a ticket,vorrei un biglietto
a ticket to / a ticket for,un biglietto per,phrase,"[spotify_lessons, lesson_4_transportation_phrases]",ticket,biglietto
the train to Rome / the train for Rome,il treno per Roma,phrase,"[spotify_lessons, lesson_4_transportation_phrases]",train,treno
the train from Naples,il treno da Napoli,phrase,"[spotify_lessons, lesson_4_transportation_phrases]",train,treno
the train from Naples to Rome,il treno da Napoli a Roma,phrase,"[spotify_lessons, lesson_4_transportation_phrases]",train,treno
first,primo / prima,adjective,"[spotify_lessons, lesson_4_transportation_phrases]",first,primo
first class,prima classe,noun,"[spotify_lessons, lesson_4_transportation_phrases]",class,classe
second class,seconda classe,noun,"[spotify_lessons, lesson_4_transportation_phrases]",class,classe
a one way ticket,un biglietto di andata,noun,"[spotify_lessons, lesson_4_transportation_phrases]",ticket,biglietto
round trip ticket,un biglietto di andata e ritorno,noun,"[spotify_lessons, lesson_4_transportation_phrases]",ticket,biglietto
to smoke,fumare,verb,"[spotify_lessons, lesson_4_transportation_phrases]",smoke,fumare
no smoking,vietato fumare,phrase,"[spotify_lessons, lesson_4_transportation_phrases]",no smoking,vietato fumare
non-smokers,non fumatori,noun,"[spotify_lessons, lesson_4_transportation_phrases]",non-smoker,non fumatore
at what time does the train leave,a che ora parte il treno,phrase,"[spotify_lessons, lesson_4_transportation_phrases]",at what time does the train leave,a che ora parte il treno
at what time does the train arrive,a che ora arriva il treno,phrase,"[spotify_lessons, lesson_4_transportation_phrases]",at what time does the train arrive,a che ora arriva il treno
where is the bus to Milan,dov'è l'autobus per Milano,phrase,"[spotify_lessons, lesson_4_transportation_phrases]",where is the bus to Milan,dov'è l'autobus per Milano
which number,quale numero,phrase,"[spotify_lessons, lesson_4_transportation_phrases]",which number,quale numero
which seat,quale posto,phrase,"[spotify_lessons, lesson_4_transportation_phrases]",which seat,quale posto
seat number five,posto numero cinque,phrase,"[spotify_lessons, lesson_4_transportation_phrases]",seat,posto
a time table / a schedule,un orario,noun,"[spotify_lessons, lesson_4_transportation_phrases]",timetable,orario
the first train,il primo treno,noun,"[spotify_lessons, lesson_4_transportation_phrases]",train,treno
the second train,il secondo treno,noun,"[spotify_lessons, lesson_4_transportation_phrases]",train,treno
the next train,il prossimo treno,noun,"[spotify_lessons, lesson_4_transportation_phrases]",train,treno
the last train,l'ultimo treno,noun,"[spotify_lessons, lesson_4_transportation_phrases]",train,treno
the money,il denaro / i soldi,noun,"[spotify_lessons, lesson_5_money]",money,denaro
European money,euro,noun,"[spotify_lessons, lesson_5_money]",money,euro
the coin,la moneta,noun,"[spotify_lessons, lesson_5_money]",coin,moneta
the bank,la banca,noun,"[spotify_lessons, lesson_5_money]",bank,banca
where is the bank,dov'è la banca,phrase,"[spotify_lessons, lesson_5_money]",bank,banca
exchange,cambio,noun,"[spotify_lessons, lesson_5_money]",exchange,cambio
where is the ATM / where is the cash machine,dov'è il bancomat,phrase,"[spotify_lessons, lesson_5_money]",ATM,bancomat
the currency,la valuta,noun,"[spotify_lessons, lesson_5_money]",currency,valuta
the small change,gli spiccioli,noun,"[spotify_lessons, lesson_5_money]",change,spicciolo
to change money,cambiare valuta,verb,"[spotify_lessons, lesson_5_money]",change,cambiare
I would like to change some currency,vorrei cambiare della valuta,phrase,"[spotify_lessons, lesson_5_money]",change,cambiare
to buy,comprare,verb,"[spotify_lessons, lesson_5_money]",buy,comprare
I would like to buy some Euros,vorrei comprare degli euro,phrase,"[spotify_lessons, lesson_5_money]",buy,comprare
the rate of exchange,il corso di cambio,noun,"[spotify_lessons, lesson_5_money]",exchange rate,corso di cambio
what is the exchange rate,qual è il corso di cambio,phrase,"[spotify_lessons, lesson_5_money]",exchange rate,corso di cambio
a bank note,una banconota,noun,"[spotify_lessons, lesson_5_money]",banknote,banconota
a check,un assegno,noun,"[spotify_lessons, lesson_5_money]",check,assegno
to travel,viaggiare,verb,"[spotify_lessons, lesson_5_money]",travel,viaggiare
credit,credito,noun,"[spotify_lessons, lesson_5_money]",credit,credito
a credit card,una carta di credito,noun,"[spotify_lessons, lesson_5_money]",credit card,carta di credito
a hotel,un albergo / un hotel,noun,"[spotify_lessons, lesson_6_hotel]",hotel,albergo
a hostel,un ostello,noun,"[spotify_lessons, lesson_6_hotel]",hostel,ostello
a room,una stanza / una camera,noun,"[spotify_lessons, lesson_6_hotel]",room,stanza
a better room,una camera migliore,phrase,"[spotify_lessons, lesson_6_hotel]",room,camera
I would like a better room,vorrei una camera migliore,phrase,"[spotify_lessons, lesson_6_hotel]",reservation,prenotazione
a bathroom,un bagno,noun,"[spotify_lessons, lesson_6_hotel]",bathroom,bagno
with bathroom,con bagno,phrase,"[spotify_lessons, lesson_6_hotel]",bathroom,bagno
without bathroom,senza bagno,phrase,"[spotify_lessons, lesson_6_hotel]",bathroom,bagno
a shower,una doccia,noun,"[spotify_lessons, lesson_6_hotel]",shower,doccia
a toilet,una toilette / un gabinetto,noun,"[spotify_lessons, lesson_6_hotel]",toilet,toilette
a wash basin,un lavandino,noun,"[spotify_lessons, lesson_6_hotel]",wash basin,lavandino
I would like a room with a bathroom and a shower,vorrei una camera con bagno e una doccia,phrase,"[spotify_lessons, lesson_6_hotel]",reservation,prenotazione
how much does it cost,quanto costa,phrase,"[spotify_lessons, lesson_6_hotel]",cost,costare
expensive,caro / costoso,adjective,"[spotify_lessons, lesson_6_hotel]",expensive,caro
very expensive,molto caro,phrase,"[spotify_lessons, lesson_6_hotel]",expensive,caro
too much,troppo,adverb,"[spotify_lessons, lesson_6_hotel]",much,troppo
too expensive,troppo caro,phrase,"[spotify_lessons, lesson_6_hotel]",expensive,caro
it's too expensive,è troppo caro,phrase,"[spotify_lessons, lesson_6_hotel]",expensive,caro
cheap,economico / a buon mercato,adjective,"[spotify_lessons, lesson_6_hotel]",cheap,economico
cheaper / more cheap,più economico,phrase,"[spotify_lessons, lesson_6_hotel]",cheap,economico
do you have a less expensive room (polite),ha una camera meno cara,phrase,"[spotify_lessons, lesson_6_hotel]",room,camera
do you have the key? (polite),ha la chiave?,phrase,"[spotify_lessons, lesson_6_hotel]",key,chiave
the week,la settimana,noun,"[spotify_lessons, lesson_6_hotel]",week,settimana
per week,per settimana / a settimana,phrase,"[spotify_lessons, lesson_6_hotel]",week,settimana
per night,per notte,phrase,"[spotify_lessons, lesson_6_hotel]",night,notte
air conditioning,aria condizionata,noun,"[spotify_lessons, lesson_6_hotel]",air conditioning,aria condizionata
vacancy / rooms available,stanze libere,phrase,"[spotify_lessons, lesson_6_hotel]",vacancy,stanza
no vacancy / all occupied,tutto occupato,phrase,"[spotify_lessons, lesson_6_hotel]",vacancy,occupato
it works,funziona,verb,"[spotify_lessons, lesson_6_hotel]",work,funzionare
it does not work,non funziona,phrase,"[spotify_lessons, lesson_6_hotel]",work,funzionare
the shower does not work,la doccia non funziona,phrase,"[spotify_lessons, lesson_6_hotel]",shower,doccia
the shower is broken,la doccia è rotta,phrase,"[spotify_lessons, lesson_6_hotel]",shower,doccia
to make,fare,verb,"[spotify_lessons, lesson_6_hotel]",make,fare
I would like to make a reservation,vorrei fare una prenotazione,phrase,"[spotify_lessons, lesson_6_hotel]",reservation,prenotazione
the water,l'acqua,noun,"[spotify_lessons, lesson_7_important_words]",water,acqua
drinking water,acqua potabile,phrase,"[spotify_lessons, lesson_7_important_words]",water,acqua
the luggage,i bagagli,noun,"[spotify_lessons, lesson_7_important_words]",luggage,bagaglio
my luggage,i miei bagagli,phrase,"[spotify_lessons, lesson_7_important_words]",luggage,bagaglio
the suitcase,la valigia,noun,"[spotify_lessons, lesson_7_important_words]",suitcase,valigia
the suitcases,le valigie,noun,"[spotify_lessons, lesson_7_important_words]",suitcase,valigia
my suitcase,la mia valigia,phrase,"[spotify_lessons, lesson_7_important_words]",suitcase,valigia
my suitcases,le mie valigie,phrase,"[spotify_lessons, lesson_7_important_words]",suitcase,valigia
this suitcase,questa valigia,phrase,"[spotify_lessons, lesson_7_important_words]",suitcase,valigia
that suitcase,quella valigia,phrase,"[spotify_lessons, lesson_7_important_words]",suitcase,valigia
that one,quella / quello,pronoun,"[spotify_lessons, lesson_7_important_words]",one,quello
that one over there,quella là / quella lì,phrase,"[spotify_lessons, lesson_7_important_words]",one,quello
this ticket,questo biglietto,phrase,"[spotify_lessons, lesson_7_important_words]",ticket,biglietto
a backpack,uno zaino,noun,"[spotify_lessons, lesson_7_important_words]",backpack,zaino
the counter,il banco,noun,"[spotify_lessons, lesson_7_important_words]",counter,banco
the baggage claim,il ritiro bagagli,noun,"[spotify_lessons, lesson_7_important_words]",baggage claim,ritiro bagagli
the key,la chiave,noun,"[spotify_lessons, lesson_7_important_words]",key,chiave
a locker,un armadietto,noun,"[spotify_lessons, lesson_7_important_words]",locker,armadietto
the railroad,la ferrovia,noun,"[spotify_lessons, lesson_7_important_words]",railroad,ferrovia
the little town,la piazza,noun,"[spotify_lessons, lesson_7_important_words]",town,piazza
the village,il villaggio,noun,"[spotify_lessons, lesson_7_important_words]",village,villaggio
the city,la città,noun,"[spotify_lessons, lesson_7_important_words]",city,città
a map,una cartina,noun,"[spotify_lessons, lesson_7_important_words]",map,cartina
a map of the city,una cartina della città,phrase,"[spotify_lessons, lesson_7_important_words]",map,cartina
open,aperto / aperta,adjective,"[spotify_lessons, lesson_7_important_words]",open,aperto
close,chiuso / chiusa,adjective,"[spotify_lessons, lesson_7_important_words]",close,chiuso
the passport,il passaporto,noun,"[spotify_lessons, lesson_7_important_words]",passport,passaporto
a ticket book / a block of tickets,un blocchetto di biglietti,noun,"[spotify_lessons, lesson_7_important_words]",ticket book,blocchetto
the police,la polizia,noun,"[spotify_lessons, lesson_7_important_words]",police,polizia
a police officer,un poliziotto / una guardia,noun,"[spotify_lessons, lesson_7_important_words]",police officer,poliziotto
to the right,a destra,phrase,"[spotify_lessons, lesson_8_directions]",to the right,a destra
to the left,a sinistra,phrase,"[spotify_lessons, lesson_8_directions]",to the left,a sinistra
turn to the right,gira a destra,phrase,"[spotify_lessons, lesson_8_directions]",turn,girare
turn to the left,gira a sinistra,phrase,"[spotify_lessons, lesson_8_directions]",turn,girare
ahead,avanti,adverb,"[spotify_lessons, lesson_8_directions]",ahead,avanti
straight ahead,dritto / sempre dritto,phrase,"[spotify_lessons, lesson_8_directions]",straight ahead,dritto
the corner,l'angolo,noun,"[spotify_lessons, lesson_8_directions]",corner,angolo
around the corner,dietro l'angolo,phrase,"[spotify_lessons, lesson_8_directions]",around the corner,dietro l'angolo
the street,la strada,noun,"[spotify_lessons, lesson_8_directions]",street,strada
the side,il lato / il fianco,noun,"[spotify_lessons, lesson_8_directions]",side,lato
the other side,l'altro lato,noun,"[spotify_lessons, lesson_8_directions]",side,lato
the other side of the street,l'altro lato della strada,phrase,"[spotify_lessons, lesson_8_directions]",side of the street,lato della strada
the end of the street,la fine della strada,phrase,"[spotify_lessons, lesson_8_directions]",end of the street,fine della strada
to the end of the street,alla fine della strada,phrase,"[spotify_lessons, lesson_8_directions]",end of the street,fine della strada
to the bank,alla banca,phrase,"[spotify_lessons, lesson_8_directions]",bank,banca
here,qui / qua,adverb,"[spotify_lessons, lesson_8_directions]",here,qui
there,là / lì,adverb,"[spotify_lessons, lesson_8_directions]",there,là
over there / down there,laggiù,adverb,"[spotify_lessons, lesson_8_directions]",over there,laggiù
near,vicino / vicina,adjective,"[spotify_lessons, lesson_8_directions]",near,vicino
near the corner,vicino all'angolo,phrase,"[spotify_lessons, lesson_8_directions]",near the corner,vicino all'angolo
far,lontano / lontana,adjective,"[spotify_lessons, lesson_8_directions]",far,lontano
far from here,lontano da qui,phrase,"[spotify_lessons, lesson_8_directions]",far from here,lontano da qui
this address,questo indirizzo,noun,"[spotify_lessons, lesson_8_directions]",address,indirizzo
next to,vicino a,phrase,"[spotify_lessons, lesson_8_directions]",next to,vicino a
as far as,fino a,phrase,"[spotify_lessons, lesson_8_directions]",as far as,fino a
as far as the bank,fino alla banca,phrase,"[spotify_lessons, lesson_8_directions]",as far as the bank,fino alla banca
as far as the corner,fino all'angolo,phrase,"[spotify_lessons, lesson_8_directions]",as far as the corner,fino all'angolo
zero,zero,numeral,"[spotify_lessons, lesson_9_numbers]",zero,zero
one,uno,numeral,"[spotify_lessons, lesson_9_numbers]",one,uno
two,due,numeral,"[spotify_lessons, lesson_9_numbers]",two,due
three,tre,numeral,"[spotify_lessons, lesson_9_numbers]",three,tre
four,quattro,numeral,"[spotify_lessons, lesson_9_numbers]",four,quattro
five,cinque,numeral,"[spotify_lessons, lesson_9_numbers]",five,cinque
six,sei,numeral,"[spotify_lessons, lesson_9_numbers]",six,sei
seven,sette,numeral,"[spotify_lessons, lesson_9_numbers]",seven,sette
eight,otto,numeral,"[spotify_lessons, lesson_9_numbers]",eight,otto
nine,nove,numeral,"[spotify_lessons, lesson_9_numbers]",nine,nove
ten,dieci,numeral,"[spotify_lessons, lesson_9_numbers]",ten,dieci
eleven,undici,numeral,"[spotify_lessons, lesson_10_more_numbers]",eleven,undici
twelve,dodici,numeral,"[spotify_lessons, lesson_10_more_numbers]",twelve,dodici
thirteen,tredici,numeral,"[spotify_lessons, lesson_10_more_numbers]",thirteen,tredici
fourteen,quattordici,numeral,"[spotify_lessons, lesson_10_more_numbers]",fourteen,quattordici
fifteen,quindici,numeral,"[spotify_lessons, lesson_10_more_numbers]",fifteen,quindici
sixteen,sedici,numeral,"[spotify_lessons, lesson_10_more_numbers]",sixteen,sedici
seventeen,diciassette,numeral,"[spotify_lessons, lesson_10_more_numbers]",seventeen,diciassette
eighteen,diciotto,numeral,"[spotify_lessons, lesson_10_more_numbers]",eighteen,diciotto
nineteen,diciannove,numeral,"[spotify_lessons, lesson_10_more_numbers]",nineteen,diciannove
twenty,venti,numeral,"[spotify_lessons, lesson_10_more_numbers]",twenty,venti
twenty,venti,numeral,"[spotify_lessons, lesson_11_big_numbers]",twenty,venti
twenty one,ventuno,numeral,"[spotify_lessons, lesson_11_big_numbers]",twenty one,ventuno
twenty two,ventidue,numeral,"[spotify_lessons, lesson_11_big_numbers]",twenty two,ventidue
twenty three,ventitré,numeral,"[spotify_lessons, lesson_11_big_numbers]",twenty three,ventitré
twenty four,ventiquattro,numeral,"[spotify_lessons, lesson_11_big_numbers]",twenty four,ventiquattro
twenty five,venticinque,numeral,"[spotify_lessons, lesson_11_big_numbers]",twenty five,venticinque
twenty six,ventisei,numeral,"[spotify_lessons, lesson_11_big_numbers]",twenty six,ventisei
twenty seven,ventisette,numeral,"[spotify_lessons, lesson_11_big_numbers]",twenty seven,ventisette
twenty eight,ventotto,numeral,"[spotify_lessons, lesson_11_big_numbers]",twenty eight,ventotto
twenty nine,ventinove,numeral,"[spotify_lessons, lesson_11_big_numbers]",twenty nine,ventinove
thirty,trenta,numeral,"[spotify_lessons, lesson_11_big_numbers]",thirty,trenta
thirty one,trentuno,numeral,"[spotify_lessons, lesson_11_big_numbers]",thirty one,trentuno
thirty two,trentadue,numeral,"[spotify_lessons, lesson_11_big_numbers]",thirty two,trentadue
thirty three,trentatré,numeral,"[spotify_lessons, lesson_11_big_numbers]",thirty three,trentatré
forty,quaranta,numeral,"[spotify_lessons, lesson_11_big_numbers]",forty,quaranta
forty one,quarantuno,numeral,"[spotify_lessons, lesson_11_big_numbers]",forty one,quarantuno
forty two,quarantadue,numeral,"[spotify_lessons, lesson_11_big_numbers]",forty two,quarantadue
fifty,cinquanta,numeral,"[spotify_lessons, lesson_11_big_numbers]",fifty,cinquanta
sixty,sessanta,numeral,"[spotify_lessons, lesson_11_big_numbers]",sixty,sessanta
seventy,settanta,numeral,"[spotify_lessons, lesson_11_big_numbers]",seventy,settanta
eighty,ottanta,numeral,"[spotify_lessons, lesson_11_big_numbers]",eighty,ottanta
ninety,novanta,numeral,"[spotify_lessons, lesson_11_big_numbers]",ninety,novanta
one hundred,cento,numeral,"[spotify_lessons, lesson_11_big_numbers]",one hundred,cento
one hundred,cento,numeral,"[spotify_lessons, lesson_12_very_big_numbers]",one hundred,cento
one hundred one,cento uno,numeral,"[spotify_lessons, lesson_12_very_big_numbers]",one hundred one,cento uno
one hundred two,cento due,numeral,"[spotify_lessons, lesson_12_very_big_numbers]",one hundred two,cento due
one hundred fifteen,cento quindici,numeral,"[spotify_lessons, lesson_12_very_big_numbers]",one hundred fifteen,cento quindici
two hundred,duecento,numeral,"[spotify_lessons, lesson_12_very_big_numbers]",two hundred,duecento
two hundred twenty,duecentoventi,numeral,"[spotify_lessons, lesson_12_very_big_numbers]",two hundred twenty,duecentoventi
three hundred,trecento,numeral,"[spotify_lessons, lesson_12_very_big_numbers]",three hundred,trecento
four hundred,quattrocento,numeral,"[spotify_lessons, lesson_12_very_big_numbers]",four hundred,quattrocento
five hundred,cinquecento,numeral,"[spotify_lessons, lesson_12_very_big_numbers]",five hundred,cinquecento
six hundred,seicento,numeral,"[spotify_lessons, lesson_12_very_big_numbers]",six hundred,seicento
seven hundred,settecento,numeral,"[spotify_lessons, lesson_12_very_big_numbers]",seven hundred,settecento
eight hundred,ottocento,numeral,"[spotify_lessons, lesson_12_very_big_numbers]",eight hundred,ottocento
nine hundred,novecento,numeral,"[spotify_lessons, lesson_12_very_big_numbers]",nine hundred,novecento
one thousand,mille,numeral,"[spotify_lessons, lesson_12_very_big_numbers]",one thousand,mille
one thousand one hundred,millecento,numeral,"[spotify_lessons, lesson_12_very_big_numbers]",one thousand one hundred,millecento
one thousand two hundred,milleduecento,numeral,"[spotify_lessons, lesson_12_very_big_numbers]",one thousand two hundred,milleduecento
one thousand five hundred,millecinquecento,numeral,"[spotify_lessons, lesson_12_very_big_numbers]",one thousand five hundred,millecinquecento
one thousand seven hundred,millesettecento,numeral,"[spotify_lessons, lesson_12_very_big_numbers]",one thousand seven hundred,millesettecento
ten thousand,diecimila,numeral,"[spotify_lessons, lesson_12_very_big_numbers]",ten thousand,diecimila
twenty thousand,ventimila,numeral,"[spotify_lessons, lesson_12_very_big_numbers]",twenty thousand,ventimila
one hundred thousand,centomila,numeral,"[spotify_lessons, lesson_12_very_big_numbers]",one hundred thousand,centomila
one million,un milione,numeral,"[spotify_lessons, lesson_12_very_big_numbers]",one million,milione
a table,un tavolo,noun,"[spotify_lessons, lesson_13_at_the_restaurant]",table,tavolo
for how many persons,per quante persone,phrase,"[spotify_lessons, lesson_13_at_the_restaurant]",person,persona
we would like a table for two,vorremmo un tavolo per due,phrase,"[spotify_lessons, lesson_13_at_the_restaurant]",table,tavolo
I would like this one,vorrei questo,phrase,"[spotify_lessons, lesson_13_at_the_restaurant]",this,questo
I would like that one over there,vorrei quello laggiù,phrase,"[spotify_lessons, lesson_13_at_the_restaurant]",that one,quello
another table,un altro tavolo,noun,"[spotify_lessons, lesson_13_at_the_restaurant]",table,tavolo
do you have another table,avete un altro tavolo,phrase,"[spotify_lessons, lesson_13_at_the_restaurant]",table,tavolo
the window,la finestra,noun,"[spotify_lessons, lesson_13_at_the_restaurant]",window,finestra
near the window,vicino alla finestra,phrase,"[spotify_lessons, lesson_13_at_the_restaurant]",window,finestra
the menu please,il menù per piacere,phrase,"[spotify_lessons, lesson_13_at_the_restaurant]",menu,menù
the bill please,il conto per piacere,phrase,"[spotify_lessons, lesson_13_at_the_restaurant]",bill,conto
included,incluso,adjective,"[spotify_lessons, lesson_13_at_the_restaurant]",included,incluso
is the service included,il servizio è incluso,phrase,"[spotify_lessons, lesson_13_at_the_restaurant]",service,servizio
the soup,la minestra,noun,"[spotify_lessons, lesson_13_at_the_restaurant]",soup,minestra
the salad,l'insalata,noun,"[spotify_lessons, lesson_13_at_the_restaurant]",salad,insalata
an appetizer,un antipasto,noun,"[spotify_lessons, lesson_13_at_the_restaurant]",appetizer,antipasto
a dessert,un dessert / un dolce,noun,"[spotify_lessons, lesson_13_at_the_restaurant]",dessert,dessert
a drink,una bevanda,noun,"[spotify_lessons, lesson_13_at_the_restaurant]",drink,bevanda
a list,una lista,noun,"[spotify_lessons, lesson_13_at_the_restaurant]",list,lista
a wine list,una lista dei vini,noun,"[spotify_lessons, lesson_13_at_the_restaurant]",wine list,lista dei vini
the first course,il primo piatto,noun,"[spotify_lessons, lesson_13_at_the_restaurant]",first course,primo piatto
the second course,il secondo piatto,noun,"[spotify_lessons, lesson_13_at_the_restaurant]",second course,secondo piatto
a side dish,un contorno,noun,"[spotify_lessons, lesson_13_at_the_restaurant]",side dish,contorno
vegetables,verdure,noun,"[spotify_lessons, lesson_13_at_the_restaurant]",vegetable,verdura
ice,ghiaccio,noun,"[spotify_lessons, lesson_13_at_the_restaurant]",ice,ghiaccio
the tip,la mancia,noun,"[spotify_lessons, lesson_13_at_the_restaurant]",tip,mancia
a waiter,un cameriere,noun,"[spotify_lessons, lesson_13_at_the_restaurant]",waiter,cameriere
a waitress,una cameriera,noun,"[spotify_lessons, lesson_13_at_the_restaurant]",waitress,cameriera
[to call a waiter],cameriere!,phrase,"[spotify_lessons, lesson_13_at_the_restaurant]",waiter,cameriere
to pay,pagare,verb,"[spotify_lessons, lesson_13_at_the_restaurant]",pay,pagare
I would like to pay,vorrei pagare,phrase,"[spotify_lessons, lesson_13_at_the_restaurant]",pay,pagare
two coffees please,due caffè per piacere,phrase,"[spotify_lessons, lesson_13_at_the_restaurant]",coffee,caffè
do you want dessert,vuole il dessert?,phrase,"[spotify_lessons, lesson_13_at_the_restaurant]",dessert,dessert
how much is it,quanto costa?,phrase,"[spotify_lessons, lesson_14_shopping]",cost,costare
this one (masculine),questo,pronoun,"[spotify_lessons, lesson_14_shopping]",this,questo
that one (masculine),quello,pronoun,"[spotify_lessons, lesson_14_shopping]",that,quello
that one over there,quello laggiù,phrase,"[spotify_lessons, lesson_14_shopping]",that,quello
these ones (masculine),questi,pronoun,"[spotify_lessons, lesson_14_shopping]",these,questo
those ones (masculine),quelli,pronoun,"[spotify_lessons, lesson_14_shopping]",those,quello
those ones over there (masculine),quelli laggiù,phrase,"[spotify_lessons, lesson_14_shopping]",those,quello
large,grande,adjective,"[spotify_lessons, lesson_14_shopping]",large,grande
larger,più grande,phrase,"[spotify_lessons, lesson_14_shopping]",large,grande
the largest,il più grande,phrase,"[spotify_lessons, lesson_14_shopping]",large,grande
small (masculine),piccolo,adjective,"[spotify_lessons, lesson_14_shopping]",small,piccolo
smaller,più piccolo,phrase,"[spotify_lessons, lesson_14_shopping]",small,piccolo
the smallest,il più piccolo,phrase,"[spotify_lessons, lesson_14_shopping]",small,piccolo
like this,così,adverb,"[spotify_lessons, lesson_14_shopping]",like,così
like this one,come questo,phrase,"[spotify_lessons, lesson_14_shopping]",this,questo
like this one but bigger,come questo ma più grande,phrase,"[spotify_lessons, lesson_14_shopping]",this,questo
better,meglio,adverb,"[spotify_lessons, lesson_14_shopping]",better,meglio
more expensive,più caro,phrase,"[spotify_lessons, lesson_14_shopping]",expensive,caro
less expensive,meno caro,phrase,"[spotify_lessons, lesson_14_shopping]",expensive,caro
too expensive,troppo caro,phrase,"[spotify_lessons, lesson_14_shopping]",expensive,caro
cheap,poco caro,adjective,"[spotify_lessons, lesson_14_shopping]",cheap,caro
something,qualcosa,pronoun,"[spotify_lessons, lesson_14_shopping]",something,qualcosa
I would like something more or less like this,vorrei qualcosa più o meno così,phrase,"[spotify_lessons, lesson_14_shopping]",something,qualcosa
I would like something less expensive,vorrei qualcosa di meno caro,phrase,"[spotify_lessons, lesson_14_shopping]",something,qualcosa
I'm looking for,cerco,verb,"[spotify_lessons, lesson_14_shopping]",look for,cercare
no not like that,"no, non così",phrase,"[spotify_lessons, lesson_14_shopping]",like,così
Thank you sir,"grazie, signore",phrase,"[spotify_lessons, lesson_14_shopping]",thank,grazie
a moment,un momento,phrase,"[spotify_lessons, lesson_15_time_general]",moment,momento
a day,un giorno,phrase,"[spotify_lessons, lesson_15_time_general]",day,giorno
a week,una settimana,phrase,"[spotify_lessons, lesson_15_time_general]",week,settimana
a month,un mese,phrase,"[spotify_lessons, lesson_15_time_general]",month,mese
a year,un anno,phrase,"[spotify_lessons, lesson_15_time_general]",year,anno
today,oggi,adverb,"[spotify_lessons, lesson_15_time_general]",today,oggi
tomorrow,domani,adverb,"[spotify_lessons, lesson_15_time_general]",tomorrow,domani
yesterday,ieri,adverb,"[spotify_lessons, lesson_15_time_general]",yesterday,ieri
now,ora / adesso,adverb,"[spotify_lessons, lesson_15_time_general]",now,ora
not now,non ora / non adesso,phrase,"[spotify_lessons, lesson_15_time_general]",not now,non ora
not yet,non ancora,phrase,"[spotify_lessons, lesson_15_time_general]",not yet,non ancora
this year,quest'anno,phrase,"[spotify_lessons, lesson_15_time_general]",this year,anno
the next year,l'anno prossimo,phrase,"[spotify_lessons, lesson_15_time_general]",next year,anno
the last year,l'anno scorso / l'anno passato,phrase,"[spotify_lessons, lesson_15_time_general]",last year,anno
the other day,l'altro giorno,phrase,"[spotify_lessons, lesson_15_time_general]",other day,giorno
in two days,fra due giorni / tra due giorni,phrase,"[spotify_lessons, lesson_15_time_general]",in two days,giorno
within two days,entro due giorni,phrase,"[spotify_lessons, lesson_15_time_general]",within two days,giorno
two days ago,due giorni fa,phrase,"[spotify_lessons, lesson_15_time_general]",two days ago,giorno
two times,due volte,phrase,"[spotify_lessons, lesson_15_time_general]",time,volta
three times,tre volte,phrase,"[spotify_lessons, lesson_15_time_general]",time,volta
one more time / another time,un'altra volta,phrase,"[spotify_lessons, lesson_15_time_general]",time,volta
another time,ancora / di nuovo,adverb,"[spotify_lessons, lesson_15_time_general]",again,ancora
in time,in tempo,phrase,"[spotify_lessons, lesson_15_time_general]",in time,tempo
on time / on schedule,in orario,phrase,"[spotify_lessons, lesson_15_time_general]",on time,orario
the time,il tempo / l'ora,phrase,"[spotify_lessons, lesson_16_time_of_day]",time,tempo
how long / how much time,quanto tempo,phrase,"[spotify_lessons, lesson_16_time_of_day]",how long,tempo
what time is it,che ore sono?,phrase,"[spotify_lessons, lesson_16_time_of_day]",what time,ora
the morning,la mattina,phrase,"[spotify_lessons, lesson_16_time_of_day]",morning,mattina
noon,mezzogiorno,noun,"[spotify_lessons, lesson_16_time_of_day]",noon,mezzogiorno
the afternoon,il pomeriggio,phrase,"[spotify_lessons, lesson_16_time_of_day]",afternoon,pomeriggio
the evening,la sera,phrase,"[spotify_lessons, lesson_16_time_of_day]",evening,sera
the night,la notte,phrase,"[spotify_lessons, lesson_16_time_of_day]",night,notte
midnight,mezzanotte,noun,"[spotify_lessons, lesson_16_time_of_day]",midnight,mezzanotte
a second,un secondo,phrase,"[spotify_lessons, lesson_16_time_of_day]",second,secondo
a minute,un minuto,phrase,"[spotify_lessons, lesson_16_time_of_day]",minute,minuto
an hour,un'ora,phrase,"[spotify_lessons, lesson_16_time_of_day]",hour,ora
eight o'clock,le otto,phrase,"[spotify_lessons, lesson_16_time_of_day]",eight o'clock,otto
it's eight o'clock,sono le otto,phrase,"[spotify_lessons, lesson_16_time_of_day]",eight o'clock,otto
it's one o'clock,è l'una,phrase,"[spotify_lessons, lesson_16_time_of_day]",one o'clock,una
a quarter past eight,le otto e un quarto,phrase,"[spotify_lessons, lesson_16_time_of_day]",quarter past eight,quarto
eight fifteen,le otto e quindici,phrase,"[spotify_lessons, lesson_16_time_of_day]",eight fifteen,otto
half past eight,le otto e mezza,phrase,"[spotify_lessons, lesson_16_time_of_day]",half past eight,mezza
a quarter to nine,un quarto alle nove,phrase,"[spotify_lessons, lesson_16_time_of_day]",quarter to nine,quarto
eight fifty,le otto e cinquanta,phrase,"[spotify_lessons, lesson_16_time_of_day]",eight fifty,otto
ten minutes to nine,le nove meno dieci,phrase,"[spotify_lessons, lesson_16_time_of_day]",ten minutes to nine,nove
eight o'clock in the morning,le otto del mattino,phrase,"[spotify_lessons, lesson_16_time_of_day]",eight o'clock,otto
four o'clock in the afternoon,le quattro del pomeriggio,phrase,"[spotify_lessons, lesson_16_time_of_day]",four o'clock,quattro
eight o'clock at night,le otto di sera,phrase,"[spotify_lessons, lesson_16_time_of_day]",eight o'clock,otto
sixteen twenty,le sedici e venti,phrase,"[spotify_lessons, lesson_16_time_of_day]",sixteen twenty,sedici
who,chi,pronoun,"[spotify_lessons, lesson_17_questions]",who,chi
who is it,chi è,phrase,"[spotify_lessons, lesson_17_questions]",who,chi
what,che / che cosa,pronoun,"[spotify_lessons, lesson_17_questions]",what,che
what is it,che cos'è,phrase,"[spotify_lessons, lesson_17_questions]",what,che
what is this,che cos'è questo,phrase,"[spotify_lessons, lesson_17_questions]",what,che
what is that,che cos'è quello,phrase,"[spotify_lessons, lesson_17_questions]",what,che
what is that over there,che cos'è quello laggiù,phrase,"[spotify_lessons, lesson_17_questions]",what,che
what did you say,che cosa hai detto,phrase,"[spotify_lessons, lesson_17_questions]",say,dire
when,quando,adverb,"[spotify_lessons, lesson_17_questions]",when,quando
when does the train leave,quando parte il treno,phrase,"[spotify_lessons, lesson_17_questions]",leave,partire
where,dove,adverb,"[spotify_lessons, lesson_17_questions]",where,dove
where is the subway,dov'è la metropolitana,phrase,"[spotify_lessons, lesson_17_questions]",subway,metropolitana
which,quale,pronoun,"[spotify_lessons, lesson_17_questions]",which,quale
which is the bus for venice,qual è l'autobus per Venezia,phrase,"[spotify_lessons, lesson_17_questions]",bus,autobus
why,perché,adverb,"[spotify_lessons, lesson_17_questions]",why,perché
why not,perché no,phrase,"[spotify_lessons, lesson_17_questions]",why not,perché
how,come,adverb,"[spotify_lessons, lesson_17_questions]",how,come
how are you (familiar),come stai,phrase,"[spotify_lessons, lesson_17_questions]",how,come
how much,quanto,adverb,"[spotify_lessons, lesson_17_questions]",how much,quanto
how many,quanti,adjective,"[spotify_lessons, lesson_17_questions]",how many,quanto
how many kilometers,quanti chilometri,phrase,"[spotify_lessons, lesson_17_questions]",kilometer,chilometro
how far is it,quanto lontano / quanto dista,phrase,"[spotify_lessons, lesson_17_questions]",far,lontano
do you want (polite),vuole,verb,"[spotify_lessons, lesson_17_questions]",want,volere
do you want (familiar),vuoi,verb,"[spotify_lessons, lesson_17_questions]",want,volere
do you want (plural),volete,verb,"[spotify_lessons, lesson_17_questions]",want,volere
the store / the shop,il negozio,phrase,"[spotify_lessons, lesson_18_shops]",store,negozio
a bakery,un panificio / una panetteria,phrase,"[spotify_lessons, lesson_18_shops]",bakery,panificio
the butcher,il macellaio,phrase,"[spotify_lessons, lesson_18_shops]",butcher,macellaio
a pharmacy,una farmacia,phrase,"[spotify_lessons, lesson_18_shops]",pharmacy,farmacia
the supermarket,il supermercato,phrase,"[spotify_lessons, lesson_18_shops]",supermarket,supermercato
the pastry shop,la pasticceria,phrase,"[spotify_lessons, lesson_18_shops]",pastry shop,pasticceria
the office,l'ufficio,phrase,"[spotify_lessons, lesson_18_shops]",office,ufficio
the post office,l'ufficio postale / la posta,phrase,"[spotify_lessons, lesson_18_shops]",post office,ufficio postale
a laundry,una lavanderia,phrase,"[spotify_lessons, lesson_18_shops]",laundry,lavanderia
the barber,il barbiere,phrase,"[spotify_lessons, lesson_18_shops]",barber,barbiere
the hair dresser,il parrucchiere,phrase,"[spotify_lessons, lesson_18_shops]",hairdresser,parrucchiere
a beauty salon,un salone di bellezza,phrase,"[spotify_lessons, lesson_18_shops]",beauty salon,salone di bellezza
a book shop,una libreria,phrase,"[spotify_lessons, lesson_18_shops]",bookshop,libreria
the department store,il grande magazzino,phrase,"[spotify_lessons, lesson_18_shops]",department store,grande magazzino
a market,un mercato,phrase,"[spotify_lessons, lesson_18_shops]",market,mercato
the police station,la stazione di polizia,phrase,"[spotify_lessons, lesson_18_shops]",police station,stazione di polizia
a restaurant,un ristorante,phrase,"[spotify_lessons, lesson_18_shops]",restaurant,ristorante
the cafe / the coffee house,il caffè / il bar,phrase,"[spotify_lessons, lesson_18_shops]",cafe,caffè
an agency,un'agenzia,phrase,"[spotify_lessons, lesson_18_shops]",agency,agenzia
a travel agency,un'agenzia di viaggi,phrase,"[spotify_lessons, lesson_18_shops]",travel agency,agenzia di viaggi
the deli,la salumeria,phrase,"[spotify_lessons, lesson_18_shops]",deli,salumeria
an ice cream parlor,una gelateria,phrase,"[spotify_lessons, lesson_18_shops]",ice cream parlor,gelateria
the town / the city,la città,phrase,"[spotify_lessons, lesson_19_nouns]",city,città
a country,un paese,phrase,"[spotify_lessons, lesson_19_nouns]",country,paese
the name,il nome,phrase,"[spotify_lessons, lesson_19_nouns]",name,nome
the food,il cibo,phrase,"[spotify_lessons, lesson_19_nouns]",food,cibo
a state,uno stato,phrase,"[spotify_lessons, lesson_19_nouns]",state,stato
the united states,gli Stati Uniti,phrase,"[spotify_lessons, lesson_19_nouns]",United States,Stati Uniti
a gift,un regalo,phrase,"[spotify_lessons, lesson_19_nouns]",gift,regalo
a male friend,un amico,phrase,"[spotify_lessons, lesson_19_nouns]",friend,amico
a female friend,un'amica,phrase,"[spotify_lessons, lesson_19_nouns]",friend,amica
the postage stamp,il francobollo,phrase,"[spotify_lessons, lesson_19_nouns]",stamp,francobollo
an entrance,un'entrata,phrase,"[spotify_lessons, lesson_19_nouns]",entrance,entrata
the exit,l'uscita,phrase,"[spotify_lessons, lesson_19_nouns]",exit,uscita
the clothes,i vestiti,phrase,"[spotify_lessons, lesson_19_nouns]",clothes,vestito
my things / my stuff,la mia roba,phrase,"[spotify_lessons, lesson_19_nouns]",things,roba
the dirty laundry,la roba sporca,phrase,"[spotify_lessons, lesson_19_nouns]",laundry,roba
a thing,una cosa,phrase,"[spotify_lessons, lesson_19_nouns]",thing,cosa
some,qualche,adjective,"[spotify_lessons, lesson_19_nouns]",some,qualche
something,qualcosa,pronoun,"[spotify_lessons, lesson_19_nouns]",something,qualcosa
sometimes,talora / qualche volta,adverb,"[spotify_lessons, lesson_19_nouns]",sometimes,volta
the other / the other one,l'altro / l'altra,pronoun,"[spotify_lessons, lesson_19_nouns]",other,altro
nothing,niente / nulla,pronoun,"[spotify_lessons, lesson_19_nouns]",nothing,niente
a man,un uomo,phrase,"[spotify_lessons, lesson_19_nouns]",man,uomo
a woman,una donna,phrase,"[spotify_lessons, lesson_19_nouns]",woman,donna
a wife,una moglie,phrase,"[spotify_lessons, lesson_19_nouns]",wife,moglie
the husband,il marito,phrase,"[spotify_lessons, lesson_19_nouns]",husband,marito
a child,un bambino / una bambina,phrase,"[spotify_lessons, lesson_19_nouns]",child,bambino
the weather,il tempo,phrase,"[spotify_lessons, lesson_19_nouns]",weather,tempo
a word,una parola,phrase,"[spotify_lessons, lesson_19_nouns]",word,parola
the consulate,il consolato,phrase,"[spotify_lessons, lesson_19_nouns]",consulate,consolato
the beach,la spiaggia,phrase,"[spotify_lessons, lesson_19_nouns]",beach,spiaggia
the problem,il problema,phrase,"[spotify_lessons, lesson_19_nouns]",problem,problema
a piece,un pezzo,phrase,"[spotify_lessons, lesson_19_nouns]",piece,pezzo
the cashier's desk,la cassa,phrase,"[spotify_lessons, lesson_19_nouns]",cashier's desk,cassa
a delay,un ritardo,phrase,"[spotify_lessons, lesson_19_nouns]",delay,ritardo
the opposite,il contrario,phrase,"[spotify_lessons, lesson_19_nouns]",opposite,contrario
a house,una casa,phrase,"[spotify_lessons, lesson_19_nouns]",house,casa
a little boat,una barca,phrase,"[spotify_lessons, lesson_19_nouns]",boat,barca
big / tall / great,grande,adjective,"[spotify_lessons, lesson_20_adjectives_and_adverbs]",big,grande
big / thick / heavy,grosso / grossa,adjective,"[spotify_lessons, lesson_20_adjectives_and_adverbs]",thick,grosso
small,piccolo / piccola,adjective,"[spotify_lessons, lesson_20_adjectives_and_adverbs]",small,piccolo
good / good-hearted,buono / buona,adjective,"[spotify_lessons, lesson_20_adjectives_and_adverbs]",good,buono
good / talented,bravo / brava,adjective,"[spotify_lessons, lesson_20_adjectives_and_adverbs]",talented,bravo
well,bene,adverb,"[spotify_lessons, lesson_20_adjectives_and_adverbs]",well,bene
not good,non buono,phrase,"[spotify_lessons, lesson_20_adjectives_and_adverbs]",good,buono
bad,cattivo / cattiva,adjective,"[spotify_lessons, lesson_20_adjectives_and_adverbs]",bad,cattivo
badly,male,adverb,"[spotify_lessons, lesson_20_adjectives_and_adverbs]",badly,male
much / a lot of,molto / molta,adjective,"[spotify_lessons, lesson_20_adjectives_and_adverbs]",much,molto
very,molto,adverb,"[spotify_lessons, lesson_20_adjectives_and_adverbs]",very,molto
enough,abbastanza,adverb,"[spotify_lessons, lesson_20_adjectives_and_adverbs]",enough,abbastanza
hot / warm,caldo / calda,adjective,"[spotify_lessons, lesson_20_adjectives_and_adverbs]",hot,caldo
cold,freddo / fredda,adjective,"[spotify_lessons, lesson_20_adjectives_and_adverbs]",cold,freddo
ahead of schedule,in anticipo,phrase,"[spotify_lessons, lesson_20_adjectives_and_adverbs]",ahead of schedule,in anticipo
behind schedule / delayed,in ritardo,phrase,"[spotify_lessons, lesson_20_adjectives_and_adverbs]",behind schedule,in ritardo
early,presto,adverb,"[spotify_lessons, lesson_20_adjectives_and_adverbs]",early,presto
late,tardi,adverb,"[spotify_lessons, lesson_20_adjectives_and_adverbs]",late,tardi
easy,facile,adjective,"[spotify_lessons, lesson_20_adjectives_and_adverbs]",easy,facile
difficult,difficile,adjective,"[spotify_lessons, lesson_20_adjectives_and_adverbs]",difficult,difficile
beautiful,bello / bella,adjective,"[spotify_lessons, lesson_20_adjectives_and_adverbs]",beautiful,bello
few,pochi,adjective,"[spotify_lessons, lesson_20_adjectives_and_adverbs]",few,poco
a few,alcuni,adjective,"[spotify_lessons, lesson_20_adjectives_and_adverbs]",a few,alcuno
many,molti,adjective,"[spotify_lessons, lesson_20_adjectives_and_adverbs]",many,molto
more,più / di più,adverb,"[spotify_lessons, lesson_20_adjectives_and_adverbs]",more,più
less,meno,adverb,"[spotify_lessons, lesson_20_adjectives_and_adverbs]",less,meno
almost / nearly,quasi,adverb,"[spotify_lessons, lesson_20_adjectives_and_adverbs]",almost,quasi
about / approximately,circa,adverb,"[spotify_lessons, lesson_20_adjectives_and_adverbs]",about,circa
important,importante,adjective,"[spotify_lessons, lesson_20_adjectives_and_adverbs]",important,importante
same,medesimo / stesso,adjective,"[spotify_lessons, lesson_20_adjectives_and_adverbs]",same,stesso
similar,simile,adjective,"[spotify_lessons, lesson_20_adjectives_and_adverbs]",similar,simile
opposite,opposto / opposta,adjective,"[spotify_lessons, lesson_20_adjectives_and_adverbs]",opposite,opposto
different,diverso / diversa,adjective,"[spotify_lessons, lesson_20_adjectives_and_adverbs]",different,diverso
up / upstairs,su,adverb,"[spotify_lessons, lesson_20_adjectives_and_adverbs]",up,su
down / downstairs,giù,adverb,"[spotify_lessons, lesson_20_adjectives_and_adverbs]",down,giù
fast,rapido / veloce,adjective,"[spotify_lessons, lesson_20_adjectives_and_adverbs]",fast,rapido
slow,lento / lenta,adjective,"[spotify_lessons, lesson_20_adjectives_and_adverbs]",slow,lento
slower,più lento,phrase,"[spotify_lessons, lesson_20_adjectives_and_adverbs]",slow,lento
slowest,il più lento / la più lenta,phrase,"[spotify_lessons, lesson_20_adjectives_and_adverbs]",slow,lento
slowly,lentamente,adverb,"[spotify_lessons, lesson_20_adjectives_and_adverbs]",slowly,lentamente
quickly,rapidamente,adverb,"[spotify_lessons, lesson_20_adjectives_and_adverbs]",quickly,rapidamente
near,vicino / vicina,adjective,"[spotify_lessons, lesson_20_adjectives_and_adverbs]",near,vicino
nearer,più vicino,phrase,"[spotify_lessons, lesson_20_adjectives_and_adverbs]",near,vicino
nearest,il più vicino / la più vicina,phrase,"[spotify_lessons, lesson_20_adjectives_and_adverbs]",near,vicino
only,soltanto / solo,adverb,"[spotify_lessons, lesson_20_adjectives_and_adverbs]",only,solo
alone,solo / sola,adjective,"[spotify_lessons, lesson_20_adjectives_and_adverbs]",alone,solo
already,già,adverb,"[spotify_lessons, lesson_20_adjectives_and_adverbs]",already,già
now,adesso,adverb,"[spotify_lessons, lesson_20_adjectives_and_adverbs]",now,adesso
right away,subito,adverb,"[spotify_lessons, lesson_20_adjectives_and_adverbs]",right away,subito
soon,presto,adverb,"[spotify_lessons, lesson_20_adjectives_and_adverbs]",soon,presto
ready,pronto / pronta,adjective,"[spotify_lessons, lesson_20_adjectives_and_adverbs]",ready,pronto
spanish,spagnolo,adjective,"[spotify_lessons, lesson_20_adjectives_and_adverbs]",spanish,spagnolo
english,inglese,adjective,"[spotify_lessons, lesson_20_adjectives_and_adverbs]",english,inglese
American,americano / americana,adjective,"[spotify_lessons, lesson_20_adjectives_and_adverbs]",American,americano
British,britannico / britannica,adjective,"[spotify_lessons, lesson_20_adjectives_and_adverbs]",British,britannico
Italian,italiano / italiana,adjective,"[spotify_lessons, lesson_20_adjectives_and_adverbs]",Italian,italiano
tall / high,alto / alta,adjective,"[spotify_lessons, lesson_20_adjectives_and_adverbs]",tall,alto
short / low,basso / bassa,adjective,"[spotify_lessons, lesson_20_adjectives_and_adverbs]",short,basso
big / tall / great,grande,adjective,"[spotify_lessons, lesson_21_verbs]",big,grande
big / thick / heavy,grosso / grossa,adjective,"[spotify_lessons, lesson_21_verbs]",thick,grosso
small,piccolo / piccola,adjective,"[spotify_lessons, lesson_21_verbs]",small,piccolo
good / good-hearted,buono / buona,adjective,"[spotify_lessons, lesson_21_verbs]",good,buono
good / talented,bravo / brava,adjective,"[spotify_lessons, lesson_21_verbs]",talented,bravo
well,bene,adverb,"[spotify_lessons, lesson_21_verbs]",well,bene
not good,non buono,phrase,"[spotify_lessons, lesson_21_verbs]",good,buono
bad,cattivo / cattiva,adjective,"[spotify_lessons, lesson_21_verbs]",bad,cattivo
badly,male,adverb,"[spotify_lessons, lesson_21_verbs]",badly,male
much / a lot of,molto / molta,adjective,"[spotify_lessons, lesson_21_verbs]",much,molto
very,molto,adverb,"[spotify_lessons, lesson_21_verbs]",very,molto
enough,abbastanza,adverb,"[spotify_lessons, lesson_21_verbs]",enough,abbastanza
hot / warm,caldo / calda,adjective,"[spotify_lessons, lesson_21_verbs]",hot,caldo
cold,freddo / fredda,adjective,"[spotify_lessons, lesson_21_verbs]",cold,freddo
ahead of schedule,in anticipo,phrase,"[spotify_lessons, lesson_21_verbs]",ahead of schedule,in anticipo
behind schedule / delayed,in ritardo,phrase,"[spotify_lessons, lesson_21_verbs]",behind schedule,in ritardo
early,presto,adverb,"[spotify_lessons, lesson_21_verbs]",early,presto
late,tardi,adverb,"[spotify_lessons, lesson_21_verbs]",late,tardi
easy,facile,adjective,"[spotify_lessons, lesson_21_verbs]",easy,facile
difficult,difficile,adjective,"[spotify_lessons, lesson_21_verbs]",difficult,difficile
beautiful,bello / bella,adjective,"[spotify_lessons, lesson_21_verbs]",beautiful,bello
few,pochi,adjective,"[spotify_lessons, lesson_21_verbs]",few,poco
a few,alcuni,adjective,"[spotify_lessons, lesson_21_verbs]",a few,alcuno
many,molti,adjective,"[spotify_lessons, lesson_21_verbs]",many,molto
more,più / di più,adverb,"[spotify_lessons, lesson_21_verbs]",more,più
less,meno,adverb,"[spotify_lessons, lesson_21_verbs]",less,meno
almost / nearly,quasi,adverb,"[spotify_lessons, lesson_21_verbs]",almost,quasi
about / approximately,circa,adverb,"[spotify_lessons, lesson_21_verbs]",about,circa
important,importante,adjective,"[spotify_lessons, lesson_21_verbs]",important,importante
same,medesimo / stesso,adjective,"[spotify_lessons, lesson_21_verbs]",same,stesso
similar,simile,adjective,"[spotify_lessons, lesson_21_verbs]",similar,simile
opposite,opposto / opposta,adjective,"[spotify_lessons, lesson_21_verbs]",opposite,opposto
different,diverso / diversa,adjective,"[spotify_lessons, lesson_21_verbs]",different,diverso
up / upstairs,su,adverb,"[spotify_lessons, lesson_21_verbs]",up,su
down / downstairs,giù,adverb,"[spotify_lessons, lesson_21_verbs]",down,giù
fast,rapido / veloce,adjective,"[spotify_lessons, lesson_21_verbs]",fast,rapido
slow,lento / lenta,adjective,"[spotify_lessons, lesson_21_verbs]",slow,lento
slower,più lento,phrase,"[spotify_lessons, lesson_21_verbs]",slow,lento
slowest,il più lento / la più lenta,phrase,"[spotify_lessons, lesson_21_verbs]",slow,lento
slowly,lentamente,adverb,"[spotify_lessons, lesson_21_verbs]",slowly,lentamente
quickly,rapidamente,adverb,"[spotify_lessons, lesson_21_verbs]",quickly,rapidamente
near,vicino / vicina,adjective,"[spotify_lessons, lesson_21_verbs]",near,vicino
nearer,più vicino,phrase,"[spotify_lessons, lesson_21_verbs]",near,vicino
nearest,il più vicino / la più vicina,phrase,"[spotify_lessons, lesson_21_verbs]",near,vicino
only,soltanto / solo,adverb,"[spotify_lessons, lesson_21_verbs]",only,solo
alone,solo / sola,adjective,"[spotify_lessons, lesson_21_verbs]",alone,solo
already,già,adverb,"[spotify_lessons, lesson_21_verbs]",already,già
now,adesso,adverb,"[spotify_lessons, lesson_21_verbs]",now,adesso
right away,subito,adverb,"[spotify_lessons, lesson_21_verbs]",right away,subito
soon,presto,adverb,"[spotify_lessons, lesson_21_verbs]",soon,presto
ready,pronto / pronta,adjective,"[spotify_lessons, lesson_21_verbs]",ready,pronto
spanish,spagnolo,adjective,"[spotify_lessons, lesson_21_verbs]",spanish,spagnolo
english,inglese,adjective,"[spotify_lessons, lesson_21_verbs]",english,inglese
American,americano / americana,adjective,"[spotify_lessons, lesson_21_verbs]",American,americano
British,britannico / britannica,adjective,"[spotify_lessons, lesson_21_verbs]",British,britannico
Italian,italiano / italiana,adjective,"[spotify_lessons, lesson_21_verbs]",Italian,italiano
tall / high,alto / alta,adjective,"[spotify_lessons, lesson_21_verbs]",tall,alto
short / low,basso / bassa,adjective,"[spotify_lessons, lesson_21_verbs]",short,basso
to / at,a,preposition,"[spotify_lessons, lesson_22_prepositions]",to,a
from,da,preposition,"[spotify_lessons, lesson_22_prepositions]",from,da
of,di,preposition,"[spotify_lessons, lesson_22_prepositions]",of,di
with,con,preposition,"[spotify_lessons, lesson_22_prepositions]",with,con
without,senza,preposition,"[spotify_lessons, lesson_22_prepositions]",without,senza
for / intended for,per,preposition,"[spotify_lessons, lesson_22_prepositions]",for,per
by,da / presso,preposition,"[spotify_lessons, lesson_22_prepositions]",by,da
per,per,preposition,"[spotify_lessons, lesson_22_prepositions]",per,per
on / over,su / sopra,preposition,"[spotify_lessons, lesson_22_prepositions]",on,su
on top of,in cima a,phrase,"[spotify_lessons, lesson_22_prepositions]",on top of,in cima a
under / below,sotto,preposition,"[spotify_lessons, lesson_22_prepositions]",under,sotto
in / into,in,preposition,"[spotify_lessons, lesson_22_prepositions]",in,in
inside,dentro,preposition,"[spotify_lessons, lesson_22_prepositions]",inside,dentro
within,entro,preposition,"[spotify_lessons, lesson_22_prepositions]",within,entro
outside,fuori,preposition,"[spotify_lessons, lesson_22_prepositions]",outside,fuori
in front of / ahead of,davanti a,phrase,"[spotify_lessons, lesson_22_prepositions]",in front of,davanti a
in back of / behind,dietro a,phrase,"[spotify_lessons, lesson_22_prepositions]",behind,dietro a
before,prima di,phrase,"[spotify_lessons, lesson_22_prepositions]",before,prima di
after,dopo di,phrase,"[spotify_lessons, lesson_22_prepositions]",after,dopo
near to / next to,vicino a,phrase,"[spotify_lessons, lesson_22_prepositions]",near to,vicino a
far from,lontano da,phrase,"[spotify_lessons, lesson_22_prepositions]",far from,lontano da
beside,accanto a,phrase,"[spotify_lessons, lesson_22_prepositions]",beside,accanto a
around,intorno a,phrase,"[spotify_lessons, lesson_22_prepositions]",around,intorno a
against,contro,preposition,"[spotify_lessons, lesson_22_prepositions]",against,contro
between,tra / fra,preposition,"[spotify_lessons, lesson_22_prepositions]",between,tra
during,durante,preposition,"[spotify_lessons, lesson_22_prepositions]",during,durante
since / ever since,da / fin da,phrase,"[spotify_lessons, lesson_22_prepositions]",since,da
in the middle of,nel mezzo di / in mezzo a,phrase,"[spotify_lessons, lesson_22_prepositions]",in the middle of,in mezzo a
through / across,attraverso,preposition,"[spotify_lessons, lesson_22_prepositions]",through,attraverso
across from / on the other side of,dall'altro lato di,phrase,"[spotify_lessons, lesson_22_prepositions]",across from,dall'altro lato di
at the house of,a casa di,phrase,"[spotify_lessons, lesson_22_prepositions]",at the house of,a casa di
for me,per me,phrase,"[spotify_lessons, lesson_23_prepositional_pronouns]",for,per
for you (familiar),per te,phrase,"[spotify_lessons, lesson_23_prepositional_pronouns]",for,per
for you (polite),per Lei,phrase,"[spotify_lessons, lesson_23_prepositional_pronouns]",for,per
for him,per lui,phrase,"[spotify_lessons, lesson_23_prepositional_pronouns]",for,per
for her,per lei,phrase,"[spotify_lessons, lesson_23_prepositional_pronouns]",for,per
for us,per noi,phrase,"[spotify_lessons, lesson_23_prepositional_pronouns]",for,per
for you (plural) (familiar),per voi,phrase,"[spotify_lessons, lesson_23_prepositional_pronouns]",for,per
for them,per loro,phrase,"[spotify_lessons, lesson_23_prepositional_pronouns]",for,per
to him,a lui,phrase,"[spotify_lessons, lesson_23_prepositional_pronouns]",to,a
with her,con lei,phrase,"[spotify_lessons, lesson_23_prepositional_pronouns]",with,con
from you / at your house,da te,phrase,"[spotify_lessons, lesson_23_prepositional_pronouns]",from,da
without me,senza di me,phrase,"[spotify_lessons, lesson_23_prepositional_pronouns]",without,senza
with them,con loro,phrase,"[spotify_lessons, lesson_23_prepositional_pronouns]",with,con
before us,prima di noi,phrase,"[spotify_lessons, lesson_23_prepositional_pronouns]",before,prima di
after you (familiar),dopo di te,phrase,"[spotify_lessons, lesson_23_prepositional_pronouns]",after,dopo
in front of them,davanti a loro,phrase,"[spotify_lessons, lesson_23_prepositional_pronouns]",in front of,davanti a
near you,vicino a voi,phrase,"[spotify_lessons, lesson_23_prepositional_pronouns]",near,vicino a
behind you (familiar),dietro di te,phrase,"[spotify_lessons, lesson_23_prepositional_pronouns]",behind,dietro
my suitcase,la mia valigia,phrase,"[spotify_lessons, lesson_24_possessive_adjectives]",suitcase,valigia
my suitcases,le mie valigie,phrase,"[spotify_lessons, lesson_24_possessive_adjectives]",suitcase,valigia
your suitcase (familiar),la tua valigia,phrase,"[spotify_lessons, lesson_24_possessive_adjectives]",suitcase,valigia
your suitcases (familiar),le tue valigie,phrase,"[spotify_lessons, lesson_24_possessive_adjectives]",suitcase,valigia
your suitcase (polite),la Sua valigia,phrase,"[spotify_lessons, lesson_24_possessive_adjectives]",suitcase,valigia
your suitcases (polite),le Sue valigie,phrase,"[spotify_lessons, lesson_24_possessive_adjectives]",suitcase,valigia
his suitcase / her suitcase,la sua valigia,phrase,"[spotify_lessons, lesson_24_possessive_adjectives]",suitcase,valigia
his suitcases / her suitcases,le sue valigie,phrase,"[spotify_lessons, lesson_24_possessive_adjectives]",suitcase,valigia
our suitcase,la nostra valigia,phrase,"[spotify_lessons, lesson_24_possessive_adjectives]",suitcase,valigia
our suitcases,le nostre valigie,phrase,"[spotify_lessons, lesson_24_possessive_adjectives]",suitcase,valigia
your suitcase (plural),la vostra valigia,phrase,"[spotify_lessons, lesson_24_possessive_adjectives]",suitcase,valigia
your suitcases (plural),le vostre valigie,phrase,"[spotify_lessons, lesson_24_possessive_adjectives]",suitcase,valigia
their suitcase,la loro valigia,phrase,"[spotify_lessons, lesson_24_possessive_adjectives]",suitcase,valigia
their suitcases,le loro valigie,phrase,"[spotify_lessons, lesson_24_possessive_adjectives]",suitcase,valigia
my gift,il mio regalo,phrase,"[spotify_lessons, lesson_24_possessive_adjectives]",gift,regalo
my gifts,i miei regali,phrase,"[spotify_lessons, lesson_24_possessive_adjectives]",gift,regalo
your gift (familiar),il tuo regalo,phrase,"[spotify_lessons, lesson_24_possessive_adjectives]",gift,regalo
your gifts (familiar),i tuoi regali,phrase,"[spotify_lessons, lesson_24_possessive_adjectives]",gift,regalo
your gift (polite),il Suo regalo,phrase,"[spotify_lessons, lesson_24_possessive_adjectives]",gift,regalo
your gifts (polite),i Suoi regali,phrase,"[spotify_lessons, lesson_24_possessive_adjectives]",gift,regalo
his gift / her gift,il suo regalo,phrase,"[spotify_lessons, lesson_24_possessive_adjectives]",gift,regalo
his gifts / her gifts,i suoi regali,phrase,"[spotify_lessons, lesson_24_possessive_adjectives]",gift,regalo
our gift,il nostro regalo,phrase,"[spotify_lessons, lesson_24_possessive_adjectives]",gift,regalo
our gifts,i nostri regali,phrase,"[spotify_lessons, lesson_24_possessive_adjectives]",gift,regalo
your gift (plural),il vostro regalo,phrase,"[spotify_lessons, lesson_24_possessive_adjectives]",gift,regalo
your gifts (plural),i vostri regali,phrase,"[spotify_lessons, lesson_24_possessive_adjectives]",gift,regalo
their gift,il loro regalo,phrase,"[spotify_lessons, lesson_24_possessive_adjectives]",gift,regalo
their gifts,i loro regali,phrase,"[spotify_lessons, lesson_24_possessive_adjectives]",gift,regalo
your name (polite),il Suo nome,phrase,"[spotify_lessons, lesson_24_possessive_adjectives]",name,nome
my male friend,il mio amico,phrase,"[spotify_lessons, lesson_24_possessive_adjectives]",friend,amico
my female friend,la mia amica,phrase,"[spotify_lessons, lesson_24_possessive_adjectives]",friend,amica
our sister,nostra sorella,phrase,"[spotify_lessons, lesson_24_possessive_adjectives]",sister,sorella
our brother,nostro fratello,phrase,"[spotify_lessons, lesson_24_possessive_adjectives]",brother,fratello
our wives,le nostre mogli,phrase,"[spotify_lessons, lesson_24_possessive_adjectives]",wife,moglie
our husbands,i nostri mariti,phrase,"[spotify_lessons, lesson_24_possessive_adjectives]",husband,marito
his car / her car,la sua macchina,phrase,"[spotify_lessons, lesson_24_possessive_adjectives]",car,macchina
your car (familiar),la tua macchina,phrase,"[spotify_lessons, lesson_24_possessive_adjectives]",car,macchina
their car,la loro macchina,phrase,"[spotify_lessons, lesson_24_possessive_adjectives]",car,macchina
your car (plural),la vostra macchina,phrase,"[spotify_lessons, lesson_24_possessive_adjectives]",car,macchina
my father,mio padre,phrase,"[spotify_lessons, lesson_24_possessive_adjectives]",father,padre
my mother,mia madre,phrase,"[spotify_lessons, lesson_24_possessive_adjectives]",mother,madre
and,e,conjunction,"[spotify_lessons, lesson_25_conjunctions_and_similar_words]",and,e
or,o / oppure,conjunction,"[spotify_lessons, lesson_25_conjunctions_and_similar_words]",or,o
also,anche / pure,adverb,"[spotify_lessons, lesson_25_conjunctions_and_similar_words]",also,anche
but,ma / però,conjunction,"[spotify_lessons, lesson_25_conjunctions_and_similar_words]",but,ma
maybe / perhaps,forse,adverb,"[spotify_lessons, lesson_25_conjunctions_and_similar_words]",maybe,forse
because,perché,conjunction,"[spotify_lessons, lesson_25_conjunctions_and_similar_words]",because,perché
because of,a causa di,phrase,"[spotify_lessons, lesson_25_conjunctions_and_similar_words]",because of,a causa di
if,se,conjunction,"[spotify_lessons, lesson_25_conjunctions_and_similar_words]",if,se
then,allora,conjunction,"[spotify_lessons, lesson_25_conjunctions_and_similar_words]",then,allora
afterward,dopo / in seguito,adverb,"[spotify_lessons, lesson_25_conjunctions_and_similar_words]",afterward,dopo
therefore,perciò,adverb,"[spotify_lessons, lesson_25_conjunctions_and_similar_words]",therefore,perciò
in any case,in ogni caso,phrase,"[spotify_lessons, lesson_25_conjunctions_and_similar_words]",in any case,in ogni caso
however,tuttavia,conjunction,"[spotify_lessons, lesson_25_conjunctions_and_similar_words]",however,tuttavia
I speak Italian,io parlo italiano / parlo italiano,phrase,"[spotify_lessons, lesson_26_sentences_and_phrase_general]",speak,parlare
I do not speak Spanish,non parlo spagnolo,phrase,"[spotify_lessons, lesson_26_sentences_and_phrase_general]",speak,parlare
do you speak Italian,Parla italiano?,phrase,"[spotify_lessons, lesson_26_sentences_and_phrase_general]",speak,parlare
a little,un poco / un po',phrase,"[spotify_lessons, lesson_26_sentences_and_phrase_general]",a little,un po'
from here to there,da qui a lì,phrase,"[spotify_lessons, lesson_26_sentences_and_phrase_general]",from here to there,da qui a lì
at the station,alla stazione,phrase,"[spotify_lessons, lesson_26_sentences_and_phrase_general]",station,stazione
on the platform,sul marciapiede,phrase,"[spotify_lessons, lesson_26_sentences_and_phrase_general]",platform,marciapiede
in the train,in treno,phrase,"[spotify_lessons, lesson_26_sentences_and_phrase_general]",train,treno
I am studying / I study,io studio,phrase,"[spotify_lessons, lesson_26_sentences_and_phrase_general]",study,studiare
I am going / I go,vado,verb,"[spotify_lessons, lesson_26_sentences_and_phrase_general]",go,andare
stop here (polite),fermi qui,phrase,"[spotify_lessons, lesson_26_sentences_and_phrase_general]",stop,fermare
stop (familiar),ferma,verb,"[spotify_lessons, lesson_26_sentences_and_phrase_general]",stop,fermare
no problem / there is no problem,non c'è problema,phrase,"[spotify_lessons, lesson_26_sentences_and_phrase_general]",problem,problema
I can / I am able to,posso,verb,"[spotify_lessons, lesson_26_sentences_and_phrase_general]",can,potere
can I? / May I?,posso?,phrase,"[spotify_lessons, lesson_26_sentences_and_phrase_general]",can,potere
may I have,posso avere?,phrase,"[spotify_lessons, lesson_26_sentences_and_phrase_general]",have,avere
to call,chiamare,verb,"[spotify_lessons, lesson_26_sentences_and_phrase_general]",call,chiamare
my name is / myself I call,mi chiamo,phrase,"[spotify_lessons, lesson_26_sentences_and_phrase_general]",be called,chiamarsi
from which country?,di quale paese?,phrase,"[spotify_lessons, lesson_26_sentences_and_phrase_general]",country,paese
from what country do you come (polite)?,da che paese viene?,phrase,"[spotify_lessons, lesson_26_sentences_and_phrase_general]",come,venire
from where do you come?,da dove vieni?,phrase,"[spotify_lessons, lesson_26_sentences_and_phrase_general]",come,venire
where are you from (familiar)?,di dove sei?,phrase,"[spotify_lessons, lesson_26_sentences_and_phrase_general]",be,essere
I am,sono,verb,"[spotify_lessons, lesson_26_sentences_and_phrase_general]",be,essere
I am tired,sono stanco / sono stanca,phrase,"[spotify_lessons, lesson_26_sentences_and_phrase_general]",tired,stanco
I come,vengo,verb,"[spotify_lessons, lesson_26_sentences_and_phrase_general]",come,venire
I come from the United States,vengo dagli Stati Uniti,phrase,"[spotify_lessons, lesson_26_sentences_and_phrase_general]",come,venire
there is,c'è,phrase,"[spotify_lessons, lesson_26_sentences_and_phrase_general]",be,esserci
there are,ci sono,phrase,"[spotify_lessons, lesson_26_sentences_and_phrase_general]",be,esserci
here is / there is / here are / there are,ecco,interjection,"[spotify_lessons, lesson_26_sentences_and_phrase_general]",here is,ecco
I love,amo,verb,"[spotify_lessons, lesson_26_sentences_and_phrase_general]",love,amare
I like,mi piace,phrase,"[spotify_lessons, lesson_26_sentences_and_phrase_general]",like,piacere
do you like (familiar)?,ti piace?,phrase,"[spotify_lessons, lesson_26_sentences_and_phrase_general]",like,piacere
do you like your gift?,ti piace il tuo regalo?,phrase,"[spotify_lessons, lesson_26_sentences_and_phrase_general]",like,piacere
I am leaving,parto,verb,"[spotify_lessons, lesson_26_sentences_and_phrase_general]",leave,partire
excuse me (to pass),permesso,interjection,"[spotify_lessons, lesson_26_sentences_and_phrase_general]",excuse me,permesso
excuse me (to apologize),perdonami / scusa,phrase,"[spotify_lessons, lesson_26_sentences_and_phrase_general]",excuse,scusare
excuse me (to get attention) (polite),scusi,interjection,"[spotify_lessons, lesson_26_sentences_and_phrase_general]",excuse me,scusare
I have,ho,verb,"[spotify_lessons, lesson_26_sentences_and_phrase_general]",have,avere
of course,certo,adverb,"[spotify_lessons, lesson_26_sentences_and_phrase_general]",of course,certo
certainly,certamente,adverb,"[spotify_lessons, lesson_26_sentences_and_phrase_general]",certainly,certamente
do you have (plural)?,avete?,phrase,"[spotify_lessons, lesson_26_sentences_and_phrase_general]",have,avere
do you have (plural) a menu in English?,avete un menù in inglese?,phrase,"[spotify_lessons, lesson_26_sentences_and_phrase_general]",have,avere
how does one say?,come si dice?,phrase,"[spotify_lessons, lesson_26_sentences_and_phrase_general]",say,dire
watch out,attenzione,interjection,"[spotify_lessons, lesson_26_sentences_and_phrase_general]",watch out,attenzione
be careful / stay attentive,stai attento / stai attenta,phrase,"[spotify_lessons, lesson_26_sentences_and_phrase_general]",careful,attento
speak slowly please (familiar),parla lentamente per favore,phrase,"[spotify_lessons, lesson_26_sentences_and_phrase_general]",speak,parlare
repeat please (polite),ripeta per favore,phrase,"[spotify_lessons, lesson_26_sentences_and_phrase_general]",repeat,ripetere
I want,voglio,verb,"[spotify_lessons, lesson_27_sentences_and_phrase_negative]",want,volere
I do not want,non voglio,phrase,"[spotify_lessons, lesson_27_sentences_and_phrase_negative]",want,volere
I would like,vorrei,verb,"[spotify_lessons, lesson_27_sentences_and_phrase_negative]",would like,volere
I would not like,non vorrei,phrase,"[spotify_lessons, lesson_27_sentences_and_phrase_negative]",would like,volere
I have,ho,verb,"[spotify_lessons, lesson_27_sentences_and_phrase_negative]",have,avere
I do not have,non ho,phrase,"[spotify_lessons, lesson_27_sentences_and_phrase_negative]",have,avere
it is,è,verb,"[spotify_lessons, lesson_27_sentences_and_phrase_negative]",be,essere
it is not,non è,phrase,"[spotify_lessons, lesson_27_sentences_and_phrase_negative]",be,essere
you have (polite),ha,verb,"[spotify_lessons, lesson_27_sentences_and_phrase_negative]",have,avere
you don't have (polite),non ha,phrase,"[spotify_lessons, lesson_27_sentences_and_phrase_negative]",have,avere
I know,so,verb,"[spotify_lessons, lesson_27_sentences_and_phrase_negative]",know,sapere
I don't know,non so,phrase,"[spotify_lessons, lesson_27_sentences_and_phrase_negative]",know,sapere
I understand,capisco,verb,"[spotify_lessons, lesson_27_sentences_and_phrase_negative]",understand,capire
I don't understand,non capisco,phrase,"[spotify_lessons, lesson_27_sentences_and_phrase_negative]",understand,capire
I speak english,parlo inglese,phrase,"[spotify_lessons, lesson_27_sentences_and_phrase_negative]",speak,parlare
I don't speak italian,non parlo italiano,phrase,"[spotify_lessons, lesson_27_sentences_and_phrase_negative]",speak,parlare
I like / to me it is pleasing,mi piace,phrase,"[spotify_lessons, lesson_27_sentences_and_phrase_negative]",like,piacere
I don't like / to me it is not pleasing,non mi piace,phrase,"[spotify_lessons, lesson_27_sentences_and_phrase_negative]",like,piacere
there is,c'è,phrase,"[spotify_lessons, lesson_27_sentences_and_phrase_negative]",be,esserci
there isn't,non c'è,phrase,"[spotify_lessons, lesson_27_sentences_and_phrase_negative]",be,esserci
there are,ci sono,phrase,"[spotify_lessons, lesson_27_sentences_and_phrase_negative]",be,esserci
there are not,non ci sono,phrase,"[spotify_lessons, lesson_27_sentences_and_phrase_negative]",be,esserci
it is big,è grosso / è grande,phrase,"[spotify_lessons, lesson_28_forming_questions]",big,grande
is it big?,è grosso? / è grande?,phrase,"[spotify_lessons, lesson_28_forming_questions]",big,grande
you have a car (familiar),hai una macchina,phrase,"[spotify_lessons, lesson_28_forming_questions]",have,avere
do you have a car (familiar)?,hai una macchina?,phrase,"[spotify_lessons, lesson_28_forming_questions]",have,avere
the train is at the station,il treno è in stazione,phrase,"[spotify_lessons, lesson_28_forming_questions]",be,essere
is the train at the station?,il treno è in stazione? / in stazione il treno?,phrase,"[spotify_lessons, lesson_28_forming_questions]",be,essere
you understand (polite),capisce,verb,"[spotify_lessons, lesson_28_forming_questions]",understand,capire
do you understand (polite)?,capisce?,phrase,"[spotify_lessons, lesson_28_forming_questions]",understand,capire
it is too big,è troppo grande,phrase,"[spotify_lessons, lesson_28_forming_questions]",big,grande
is it too big?,è troppo grande?,phrase,"[spotify_lessons, lesson_28_forming_questions]",big,grande
there is,c'è,phrase,"[spotify_lessons, lesson_28_forming_questions]",be,esserci
is there?,c'è?,phrase,"[spotify_lessons, lesson_28_forming_questions]",be,esserci
it is far from here,è lontano da qui,phrase,"[spotify_lessons, lesson_28_forming_questions]",far,lontano
is it far from here?,è lontano da qui?,phrase,"[spotify_lessons, lesson_28_forming_questions]",far,lontano
you want (polite),vuole,verb,"[spotify_lessons, lesson_28_forming_questions]",want,volere
do you want (polite)?,vuole?,phrase,"[spotify_lessons, lesson_28_forming_questions]",want,volere
it is,è,verb,"[spotify_lessons, lesson_28_forming_questions]",be,essere
is it?,è?,phrase,"[spotify_lessons, lesson_28_forming_questions]",be,essere
what is it?,che cos'è? / cos'è?,phrase,"[spotify_lessons, lesson_28_forming_questions]",be,essere
there is a room with a bathroom,c'è una camera con bagno,phrase,"[spotify_lessons, lesson_28_forming_questions]",room,camera
is there a room with a bathroom?,c'è una camera con bagno?,phrase,"[spotify_lessons, lesson_28_forming_questions]",room,camera
I must / I have to,devo,verb,"[spotify_lessons, lesson_29_sentences_and_phrases_general]",must,dovere
I must buy,devo comprare,phrase,"[spotify_lessons, lesson_29_sentences_and_phrases_general]",buy,comprare
I should,dovrei,verb,"[spotify_lessons, lesson_29_sentences_and_phrases_general]",should,dovere
how old are you / how many years have you (familiar)?,quanti anni hai?,phrase,"[spotify_lessons, lesson_29_sentences_and_phrases_general]",have,avere
where do you live?,dove abiti? / dove vivi?,phrase,"[spotify_lessons, lesson_29_sentences_and_phrases_general]",live,vivere
show me,mostrami,verb,"[spotify_lessons, lesson_29_sentences_and_phrases_general]",show,mostrare
slow down,rallenta,verb,"[spotify_lessons, lesson_29_sentences_and_phrases_general]",slow down,rallentare
I want to go,voglio andare,phrase,"[spotify_lessons, lesson_29_sentences_and_phrases_general]",go,andare
do you have something else (polite),ha qualcosa d'altro?,phrase,"[spotify_lessons, lesson_29_sentences_and_phrases_general]",have,avere
the opposite of big,il contrario di grande,phrase,"[spotify_lessons, lesson_29_sentences_and_phrases_general]",opposite,contrario
I don't know the word,non conosco la parola,phrase,"[spotify_lessons, lesson_29_sentences_and_phrases_general]",know,conoscere
that means,significa,verb,"[spotify_lessons, lesson_29_sentences_and_phrases_general]",mean,significare
does that mean?,significa che?,phrase,"[spotify_lessons, lesson_29_sentences_and_phrases_general]",mean,significare
what does that mean?,cosa significa?,phrase,"[spotify_lessons, lesson_29_sentences_and_phrases_general]",mean,significare
I need / I have need of,ho bisogno di,phrase,"[spotify_lessons, lesson_29_sentences_and_phrases_general]",need,avere bisogno
where is joe's suitcase,dov'è la valigia di Joe?,phrase,"[spotify_lessons, lesson_29_sentences_and_phrases_general]",suitcase,valigia
very well,molto bene / benissimo,adverb,"[spotify_lessons, lesson_29_sentences_and_phrases_general]",very well,molto bene
of course,certo,adverb,"[spotify_lessons, lesson_29_sentences_and_phrases_general]",of course,certo
it's clear,è chiaro,phrase,"[spotify_lessons, lesson_29_sentences_and_phrases_general]",clear,chiaro
it's fine / it goes well,va bene,phrase,"[spotify_lessons, lesson_29_sentences_and_phrases_general]",be fine,andare bene
it's not bad,non è male,phrase,"[spotify_lessons, lesson_29_sentences_and_phrases_general]",bad,male
not bad,niente male,phrase,"[spotify_lessons, lesson_29_sentences_and_phrases_general]",bad,male
it's good,è buono,phrase,"[spotify_lessons, lesson_29_sentences_and_phrases_general]",good,buono
I'm hungry,ho fame,phrase,"[spotify_lessons, lesson_29_sentences_and_phrases_general]",be hungry,avere fame
I'm thirsty,ho sete,phrase,"[spotify_lessons, lesson_29_sentences_and_phrases_general]",be thirsty,avere sete
I'm hot / I'm warm,ho caldo,phrase,"[spotify_lessons, lesson_29_sentences_and_phrases_general]",be hot,avere caldo
I'm cold,ho freddo,phrase,"[spotify_lessons, lesson_29_sentences_and_phrases_general]",be cold,avere freddo
I'm busy,ho da fare,phrase,"[spotify_lessons, lesson_29_sentences_and_phrases_general]",be busy,avere da fare
I'm lost,mi sono perso,phrase,"[spotify_lessons, lesson_29_sentences_and_phrases_general]",be lost,perdersi
it's nice weather,fa bel tempo,phrase,"[spotify_lessons, lesson_29_sentences_and_phrases_general]",be nice weather,fare
it's cold,fa freddo,phrase,"[spotify_lessons, lesson_29_sentences_and_phrases_general]",be cold,fare freddo
it's hot / it's warm,fa caldo,phrase,"[spotify_lessons, lesson_29_sentences_and_phrases_general]",be hot,fare caldo
it's cool,fa fresco,phrase,"[spotify_lessons, lesson_29_sentences_and_phrases_general]",be cool,fare fresco
it's sunny,c'è il sole,phrase,"[spotify_lessons, lesson_29_sentences_and_phrases_general]",be sunny,esserci il sole
it's windy,c'è vento,phrase,"[spotify_lessons, lesson_29_sentences_and_phrases_general]",be windy,esserci vento
you are sick (familiar),stai male / sei malato,phrase,"[spotify_lessons, lesson_29_sentences_and_phrases_general]",sick,malato
excuse me sir when does the next train to torino leave,mi scusi signore, quando parte il prossimo treno per Torino,phrase,"[spotify_lessons, lesson_30_sentences_and_phrases_transportation]",leave,partire
the train leaves in ten minutes,il treno parte fra dieci minuti,phrase,"[spotify_lessons, lesson_30_sentences_and_phrases_transportation]",leave,partire
it leaves at ten o'clock in the morning,parte alle dieci del mattino,phrase,"[spotify_lessons, lesson_30_sentences_and_phrases_transportation]",leave,partire
how much does a ticket cost,quanto costa un biglietto,phrase,"[spotify_lessons, lesson_30_sentences_and_phrases_transportation]",cost,costare
first or second class?,prima o seconda classe?,phrase,"[spotify_lessons, lesson_30_sentences_and_phrases_transportation]",class,classe
second class please,seconda classe per piacere,phrase,"[spotify_lessons, lesson_30_sentences_and_phrases_transportation]",class,classe
it's forty two euros,sono quarantadue euro,phrase,"[spotify_lessons, lesson_30_sentences_and_phrases_transportation]",be,essere
he wants a ticket for the train that leaves for Naples at 10 o'clock in the morning,lui vuole un biglietto per il treno che parte per Napoli alle dieci del mattino,phrase,"[spotify_lessons, lesson_30_sentences_and_phrases_transportation]",want,volere
excuse me sir where is the bus to the beach?,mi scusi signore, dov'è l'autobus per la spiaggia?,phrase,"[spotify_lessons, lesson_30_sentences_and_phrases_transportation]",bus,autobus
it's over there on the left,è laggiù a sinistra,phrase,"[spotify_lessons, lesson_30_sentences_and_phrases_transportation]",be,essere
which one? There are many of them,qual è? Ce ne sono molti,phrase,"[spotify_lessons, lesson_30_sentences_and_phrases_transportation]",be,essere
it's the number five,è il numero cinque,phrase,"[spotify_lessons, lesson_30_sentences_and_phrases_transportation]",be,essere
thank you very much,grazie mille,phrase,"[spotify_lessons, lesson_30_sentences_and_phrases_transportation]",thank you,grazie
does this bus go to the beach?,questo autobus va alla spiaggia?,phrase,"[spotify_lessons, lesson_30_sentences_and_phrases_transportation]",go,andare
"no, the number five goes to the beach","no, il numero cinque va alla spiaggia",phrase,"[spotify_lessons, lesson_30_sentences_and_phrases_transportation]",go,andare
at what time does the last bus for the beach leave,a che ora parte l'ultimo autobus per la spiaggia,phrase,"[spotify_lessons, lesson_30_sentences_and_phrases_transportation]",leave,partire
the last bus leaves at seventeen twenty,l'ultimo autobus parte alle diciassette e venti,phrase,"[spotify_lessons, lesson_30_sentences_and_phrases_transportation]",leave,partire